tweet_id,date,time,tweet_text,tweet_stemmed,tweet_lemmatized,tweet_lon,tweet_lat,author_position,label_10
3,4-2-2014,0:7:2,None,armi medic team deploy jammu kashmir assist sick injur flood victim,army medical team deploy jammu kashmir assist sick injured flood victim,None,None,None,0
9,4-2-2014,0:24:16,None,cyclonepam destruct storm slam vanuatu,cyclonepam destructive storm slam vanuatu,None,None,None,0
,4-2-2014,0:49:13,None,slideshow philippin brace typhoon rubi,slideshow philippine brace typhoon ruby,None,None,None,0
,4-2-2014,0:54:36,None,flood affect peopl villag azad kashmir ndma geo news,flood affect people village azad kashmir ndma geo news,None,None,None,0
7,4-2-2014,0:57:8,None,rt icatunot rememb isi idiot say pakistan suffer mani flood isi control shit controÃ£ Ã¢ Ã¢,rt icatunot remember isi idiot say pakistan suffer many flood isi control shit controÃ£ Ã¢ Ã¢,None,None,None,0
,4-2-2014,3:6:51,None,cyclon pam leav trail devast pacif ocean,cyclone pam leave trail devastation pacific ocean,None,None,None,0
6,4-2-2014,3:55:18,None,pakistan flood sink boat carri wed parti boat carri wed parti sink pakistan flood kill,pakistan flood sink boat carry wed party boat carry wed party sink pakistan flood kill,None,None,None,0
1,4-2-2014,6:18:49,None,oxfam prepar respond cyclonepam unexpectedli veer west place number vanuatu Ã»Âª island directli eye storm,oxfam prepare respond cyclonepam unexpectedly veer west place number vanuatu Ã»Âªs islands directly eye storm,None,None,None,0
5,4-2-2014,6:21:38,None,rt abpnewstv pm modi leav jammu kashmir person assess damag caus flood state,rt abpnewstv pm modi leave jammu kashmir personally ass damage cause flood state,None,None,None,0
,4-2-2014,7:30:29,None,news typhoon hagupit rubi zone midwif jill famili say bad yolanda last,news typhoon hagupit ruby zone midwife jill family say bad yolanda last,None,None,None,0
5,4-2-2014,8:12:37,None,dec iss flyover typhoon hagupit rubyph eyewal amp outer r via youtub,dec i flyover typhoon hagupit rubyph eyewall amp outer r via youtube,None,None,None,0
9,4-2-2014,8:12:54,None,kingteejay hell yea shit good far pam muslim funni,kingteejay hell yea shit good far pam muslim funny,None,None,None,0
9,4-2-2014,8:35:32,None,infam man thank god typhoon hagupit wish homeless filipino die xolxol via xolxoldotph,infamous man thank god typhoon hagupit wish homeless filipino die xolxol via xolxoldotph,None,None,None,0
8,4-2-2014,9:4:15,None,critic alway easier construct solut mh prayformh,criticism always easier constructive solution mh prayformh,None,None,None,0
5,4-2-2014,9:9:44,None,latest flood news today pakistan th septemb news headlin,latest flood news today pakistan th september news headline,None,None,None,0
4,4-2-2014,10:15:44,None,typhoon hagupit rubi updat number weatherph weather announc,typhoon hagupit ruby update number weatherph weather announcement,None,None,None,0
,4-2-2014,10:44:36,None,yeah high alert cyclon come way die want u funer love u alldaychubbyboy,yeah high alert cyclone come way die want u funeral love u alldaychubbyboy,None,None,None,0
2,4-2-2014,10:45:31,None,rt lybr major hurrican hit mexico cabo san luca hope everyon safe one dime aid mexico unless freetahmoo Ã»_,rt lybr major hurricane hit mexico cabo san lucas hope everyone safe one dime aid mexico unless freetahmoo Ã»_,None,None,None,0
4,4-2-2014,11:31:18,None,philippin typhoon hagupit evacu step,philippine typhoon hagupit evacuation step,None,None,None,0
0,4-2-2014,13:24:27,None,kashmir flood googl upload databas peopl could Ã£ Ã¢ Ã¢ Ã£ Ã¢ Ã¢ daili news amp analysisÃ£ Ã¢ topnew,kashmir flood google uploads database people could Ã£ Ã¢ Ã¢ Ã£ Ã¢ Ã¢ daily news amp analysisÃ£ Ã¢ topnews,None,None,None,0
1,4-2-2014,13:32:48,None,tweet camel realli sourc mer,tweet camel really source mers,None,None,None,0
6,4-2-2014,14:5:18,None,anger rise indiaÃ£ Ã¢ Ã¢ kashmir valley peopl remain trap week flood,anger rise indiaÃ£ Ã¢ Ã¢ kashmir valley people remain trapped week flood,None,None,None,0
8,4-2-2014,15:12:39,None,shit scare brother live remot ish coastal area vanuatu get sleep realli need wake good news,shit scar brother life remote ish coastal area vanuatu get sleep really need wake good news,None,None,None,0
0,4-2-2014,15:23:39,None,india bjpsamvad newsnat help kashmiri help last year flood victim uttra khand ask amp govt,india bjpsamvad newsnation help kashmiris help last year flood victim uttra khand ask amp govt,None,None,None,0
4,4-2-2014,15:33:34,None,cyclon pam sound like freight train herald sun gabriela,cyclone pam sound like freight train herald sun gabriela,None,None,None,0
0,4-2-2014,15:53:19,None,cyclon pam leav trail devast pacif ocean,cyclone pam leave trail devastation pacific ocean,None,None,None,0
9,4-2-2014,15:55:43,None,stagnant floodwat rais health risk kashmir abc news abc news stagnant flood,stagnant floodwater raise health risk kashmir abc news abc news stagnant flood,None,None,None,0
3,4-2-2014,16:10:31,None,pakistani dead flood respons certainli sharif law azadimarchpti,pakistani dead flood responsible certainly sharifs law azadimarchpti,None,None,None,0
4,4-2-2014,16:20:8,None,windi amp raini morn classic song play justkeepinitlight keep safe amp keep pray everyon rubyph,windy amp rainy morning classic song play justkeepinitlight keep safe amp keep pray everyone rubyph,None,None,None,0
0,4-2-2014,16:22:39,None,pebbleshoop bewar cyclon sausag,pebbleshooper beware cyclone sausage,None,None,None,0
0,4-2-2014,16:32:13,None,luthworldrelief prepar typhoonhagupit relief commit initi aid relief effort philippin,luthworldrelief prepare typhoonhagupit relief commits initial aid relief effort philippine,None,None,None,0
1,4-2-2014,16:56:17,None,teampapii embrac social media aid flood victim kashmir unet Ã£ Ã¢ Ã¢ teampapii,teampapii embrace social medium aid flood victim kashmir unete Ã£ Ã¢ Ã¢ teampapii,None,None,None,0
8,4-2-2014,17:38:23,None,rt aamaadmiparti aap mla donat rs cr jammu amp kashmir flood relief fund donat atleast lakh mlalad fuÃ£ Ã¢ Ã¢,rt aamaadmiparty aap mlas donate rs cr jammu amp kashmir flood relief fund donate atleast lakh mlalad fuÃ£ Ã¢ Ã¢,None,None,None,0
6,4-2-2014,18:0:49,None,rescu effort begin vanuatu power pacif cyclon,rescue effort begin vanuatu powerful pacific cyclone,None,None,None,0
,4-2-2014,18:54:59,None,evacu typhoon hagupit approach philippin,evacuated typhoon hagupit approach philippine,None,None,None,0
,4-2-2014,20:28:46,None,hundr thousand evacu philippin typhoon hagupit near,hundred thousand evacuate philippine typhoon hagupit nears,None,None,None,0
8,4-2-2014,20:32:52,None,rt thekpit jamespearceecho rt miss stude kashmir hit massiv flood last contact sep call http Ã£ Ã¢ Ã¢,rt thekpites jamespearceecho rt miss stude kashmir hit massive flood last contact sep call http Ã£ Ã¢ Ã¢,None,None,None,0
2,4-2-2014,21:0:9,None,tens wait hubbi tri call fam tanna tvl vanuatudigicel network still tcpam,tense wait hubby try call fam tanna tvl vanuatudigicel network still tcpam,None,None,None,0
7,4-2-2014,21:37:28,None,known case mer corona viru reach,know case mers corona virus reach,None,None,None,0
4,4-2-2014,22:46:56,None,airjump hamr hamradio specif frequenc inform tcpam cyclonepam emcomm radio afu funk shortwav,airjump hamr hamradio specific frequency information tcpam cyclonepam emcomm radio afu funk shortwave,None,None,None,0
2,4-2-2014,23:40:30,None,rt sumit_nagp suprem court hear matter jammu kashmir flood feel total wast time sc Ã£ Ã¢ Ã¢,rt sumit_nagpal supreme court hear matter jammu kashmir flood feel total waste time sc Ã£ Ã¢ Ã¢,None,None,None,0
3,4-2-2014,23:41:1,None,power typhoon slam eastern philippin salt lake tribun philippin starpow typhoon slam int,powerful typhoon slam eastern philippine salt lake tribune philippine starpowerful typhoon slam int,None,None,None,0
8,4-3-2014,0:21:34,None,hagupit near philippin need know typhoon via natgeo,hagupit nears philippines need know typhoon via natgeo,None,None,None,0
1,4-3-2014,0:25:25,None,rt bhavatarini kashmirflood much money peopl kashmir donat uttarakhand flood last year tell,rt bhavatarini kashmirfloods much money people kashmir donate uttarakhand flood last year tell,None,None,None,0
4,4-3-2014,2:35:11,None,usaheadlin death toll india pakistan flood reach,usaheadlines death toll india pakistan flood reach,None,None,None,0
1,4-3-2014,5:39:52,None,rt salmansoz rel untold stori kashmirflood along armi volunt big part rescu relief effort rt Ã¢ Ã¢,rt salmansoz relatively untold story kashmirfloods along army volunteer big part rescue relief effort rt Ã¢ Ã¢,None,None,None,0
3,4-3-2014,5:45:25,None,prayforthephilippin typhoon rubyph hagupit made st landfal last night sever manila sky still quiet right,prayforthephilippines typhoon rubyph hagupit make st landfall last night several manila sky still quiet right,None,None,None,0
8,4-3-2014,5:59:14,None,photo pack relief good prayforthephilippin typhoonrubi,photo pack relief good prayforthephilippines typhoonruby,None,None,None,0
1,4-3-2014,6:0:14,None,kashmir flood highway closur cut suppli essenti valley flood render jammu sri,kashmir flood highway closure cut supply essential valley flood render jammu sri,None,None,None,0
,4-3-2014,6:23:9,None,weather satellit feed dec pm via nababaha rubyph,weather satellite feed dec pm via nababaha rubyph,None,None,None,0
1,4-3-2014,6:46:43,None,rt dna flood unleash miseri jammu kashmir death toll mount jayalalithaa announc rs crore assist,rt dna flood unleash misery jammu kashmir death toll mount jayalalithaa announces rs crore assistance,None,None,None,0
,4-3-2014,7:51:3,None,jammu kashmir flood wireless set rush toÃ£ Ã¢ j amp ok,jammu kashmir flood wireless set rush toÃ£ Ã¢ j amp ok,None,None,None,0
9,4-3-2014,8:26:3,None,j ok flood un system stand readi help india pakistan un system stand readi help govern,j ok flood un system stand ready help india pakistan un system stand ready help government,None,None,None,0
,4-3-2014,9:38:37,None,peopl still wait help flood ravag jammu kashmir flood water reced ok,people still wait help flood ravage jammu kashmir flood water recede ok,None,None,None,0
2,4-3-2014,9:48:18,None,relief materi collect gujarat govt flood hit jammu amp kashmir state deliveri ahmedabad,relief material collect gujarat govt flood hit jammu amp kashmir state delivery ahmedabad,None,None,None,0
1,4-3-2014,10:22:17,None,rt mariammumtaz imran khan visit flood affect area jhang chiniot punjabflood pakistan,rt mariammumtaz imran khan visit flood affect area jhang chiniot punjabfloods pakistan,None,None,None,0
0,4-3-2014,13:32:30,None,rt mediacrook donat ram lila maidan flood refuge kashmir pleas applaud thank,rt mediacrooks donate ram lila maidan flood refugee kashmir please applaud thanks,None,None,None,0
3,4-3-2014,14:1:4,None,flee typhoon blow near eastern philippin militari full alert Ã»_,flee typhoon blow near eastern philippine military full alert Ã»_,None,None,None,0
,4-3-2014,14:34:4,None,coronaviru case april confirm case confirm death suspect case suspect,coronavirus case april confirm case confirm death suspected case suspect,None,None,None,0
8,4-3-2014,15:18:9,None,cockpit behind miss flight,cockpit behind miss flight,None,None,None,0
7,4-3-2014,15:46:56,None,bbc news philippin typhoon hagupit evacu step,bbc news philippine typhoon hagupit evacuation step,None,None,None,0
9,4-3-2014,16:14:47,None,news _ ______ Ã¢_Ã¼ tropic cyclon pam becom categori storm slam vanuatu cap ukrain _ _Â¼ Ã»_ _Ã¼___,news _ ______ Ã¢_Ã¼ tropical cyclone pam become category storm slam vanuatu cap ukraine _ _Â¼ Ã»_ _Ã¼___,None,None,None,0
0,4-3-2014,16:44:53,None,rubi down power line forc evacu Ã»Ã³ndrrmc manila philippin typhoon rubi intern Ã»_,ruby down power line force evacuation Ã»Ã³ndrrmc manila philippine typhoon ruby international Ã»_,None,None,None,0
,4-3-2014,17:0:41,None,alert multan pakistan flood river peak bbc news flood,alert multan pakistan flood river peak bbc news flood,None,None,None,0
2,4-3-2014,17:5:57,None,philippin typhoon hagupit evacu step bbc news generalnew,philippine typhoon hagupit evacuation step bbc news generalnews,None,None,None,0
6,4-3-2014,17:52:37,None,congrat faizal_tahir great song prayformh faith ynwa faizal tahir feat jaclyn faith,congrate faizal_tahir great song prayformh faith ynwa faizal tahir feat jaclyn faith,None,None,None,0
6,4-3-2014,17:55:51,None,rt hope_fairy kashmir ravag worst flood live memori kashmir dispatch kashmirflood,rt hope_fairy kashmir ravage worst flood live memory kashmir dispatch kashmirfloods,None,None,None,0
6,4-3-2014,19:36:47,None,rt tamaldas give earn tax payer Ã£ Ã¢ Ã¥ arvindkejriw aap mla donat rs lakh kashmir flood relief thÃ£ Ã¢ Ã¢,rt tamaldas give earnings tax payer Ã£ Ã¢ Ã¥ arvindkejriwal aap mlas donate r lakh kashmir flood relief thÃ£ Ã¢ Ã¢,None,None,None,0
8,4-3-2014,19:40:37,None,rt planpakistan thought prayer peopl affect ongo flood pakistan,rt planpakistan thought prayer people affect ongoing flood pakistan,None,None,None,0
9,4-3-2014,19:51:16,None,rt javedmalik launch campaign rais awar extend support victim flood pakistan pakistanflood amp idÃ£ Ã¢ Ã¢,rt javedmalik launch campaign raise awareness extend support victim flood pakistan pakistanfloods amp idÃ£ Ã¢ Ã¢,None,None,None,0
3,4-3-2014,22:1:41,None,supertyphoonhagupit prayforthephilippin nobodi deserv kill mother natur,supertyphoonhagupit prayforthephilippines nobody deserve kill mother nature,None,None,None,0
,4-3-2014,22:33:30,None,centr help flood hit jammu kashmir impress congress leader manohar parrikar,centre help flood hit jammu kashmir impress congress leader manohar parrikar,None,None,None,0
5,4-3-2014,22:36:58,None,super typhoon hagupit flee storm approach via nbcnew,super typhoon hagupit flee storm approach via nbcnews,None,None,None,0
2,4-4-2014,0:28:40,None,kashmirflood flood control dept sgr predict flood catastroph earli februari author take precautionari step,kashmirfloods flood control dept sgr predict flood catastrophe early february authority take precautionary step,None,None,None,0
,4-4-2014,0:36:53,None,good morn prayforthephilippin,good morning prayforthephilippines,None,None,None,0
,4-4-2014,0:43:39,None,checkout spread jan_satyagarha narendramodi,checkout spread jan_satyagarha narendramodi,None,None,None,0
5,4-4-2014,0:56:55,None,power typhoon slam eastern philippin salt lake tribun philippin starpow typhoon slam int,powerful typhoon slam eastern philippine salt lake tribune philippine starpowerful typhoon slam int,None,None,None,0
2,4-4-2014,1:8:17,None,rt nadeemmalik million affect flood pakistan,rt nadeemmalik million affected flood pakistan,None,None,None,0
,4-4-2014,1:34:25,None,typhoon hagupit begin danger trek across philippin deadli flood like via mashabl,typhoon hagupit begin dangerous trek across philippine deadly flood likely via mashable,None,None,None,0
9,4-4-2014,2:30:16,None,flee typhoon near philippin haunt typhoon haiyan massiv devast last year,flee typhoon nears philippine haunt typhoon haiyan massive devastation last year,None,None,None,0
2,4-4-2014,3:31:59,None,video bridg snap half flood soldier indian administ kashmir build temporari bridg ac,video bridge snap half flood soldier indian administer kashmir build temporary bridge ac,None,None,None,0
1,4-4-2014,4:15:16,None,rt httweet radio kashmir srinagar start oper day flood kashmirflood,rt httweets radio kashmir srinagar start operation day flood kashmirfloods,None,None,None,0
,4-4-2014,4:21:17,None,pil suprem court immedi relief jammu kashmir flood victim daili news amp analysi,pil supreme court immediate relief jammu kashmir flood victim daily news amp analysis,None,None,None,0
4,4-4-2014,4:47:31,None,substanti upward revis mer cov death toll saudi arabia via drmiguelperal bbc mer,substantial upward revision mers cov death toll saudi arabia via drmiguelperales bbc mers,None,None,None,0
2,4-4-2014,6:7:21,None,Ã»Ã¯ rapplerdotcom rubyph hit area cave turn evacu center rath safe,Ã»Ã¯ rapplerdotcom rubyph hit area cave turn evacuation center rathe safe,None,None,None,0
6,4-4-2014,7:20:42,None,rt delhiri pl observ flood health amp safeti guidelin nh uk see dwnld album pictur kashmirflood,rt delhirious pl observe flood health amp safety guideline nh uk see dwnld album picture kashmirfloods,None,None,None,0
6,4-4-2014,7:25:11,None,rt pakmilitarynew pakistan armi relief rescu oper continu flood hit area jhelum kot momin pindi bhattian hafizabÃ£ Ã¢ Ã¢,rt pakmilitarynews pakistan army relief rescue operation continue flood hit area jhelum kot momin pindi bhattian hafizabÃ£ Ã¢ Ã¢,None,None,None,0
0,4-4-2014,7:56:0,None,south pacif vanuatu brace cyclon pam pacif,south pacific vanuatu brace cyclone pam pacific,None,None,None,0
,4-4-2014,8:28:12,None,think vanuatu,think vanuatu,None,None,None,0
0,4-4-2014,9:28:21,None,rt global_uri heart prayer go affect flood kashmir,rt global_uri hearts prayer go affected flood kashmir,None,None,None,0
7,4-4-2014,10:28:5,None,thought prayer go philippin mani peopl affect typhoon hagupit _Ã c,thought prayer go philippines many people affect typhoon hagupit _Ã c,None,None,None,0
0,4-4-2014,11:18:11,None,kashmir flood offici provid satellit phone commun set ensur state admini,kashmir flood official provide satellite phone communication set ensure state adminis,None,None,None,0
5,4-4-2014,13:7:57,None,weather look thousand mile forc five cyclon hope vanuatu ok cyclonepam niue,weather look thousand mile force five cyclone hope vanuatu ok cyclonepam niue,None,None,None,0
7,4-4-2014,14:3:13,None,followm gt wascarx typhoon hagupit head menacingli toward philippin wall street jo followm gt wascarx,followme gt wascarx typhoon hagupit head menacingly toward philippine wall street jo followme gt wascarx,None,None,None,0
6,4-4-2014,14:51:0,None,pakistan rush protect citi flood free submiss,pakistan rush protect city flood free submission,None,None,None,0
,4-4-2014,15:34:13,None,us pledg usd jammu kashmir flood affect us yesterday extend deepest sympathi,u pledge usd jammu kashmir flood affect u yesterday extend deepest sympathy,None,None,None,0
9,4-4-2014,15:56:12,None,malaysian man come short buy amp pound peni enlarg whereisthefuckingplan com mh,malaysian man come short buying amp pound penis enlarger whereisthefuckingplane com mh,None,None,None,0
2,4-4-2014,17:14:17,None,rt timesofindia j amp ok flood helplin number rt kashmirflood,rt timesofindia j amp ok flood helpline number rt kashmirfloods,None,None,None,0
8,4-4-2014,17:51:56,None,typhoon rubi intern name hagupit expect make landfal dolor eastern samar around,typhoon ruby international name hagupit expect make landfall dolores eastern samar around,None,None,None,0
1,4-4-2014,18:1:5,None,rt shahid_siddiqui armi rest till everi person rescu kashmir say chief read stori,rt shahid_siddiqui army rest till every person rescue kashmir say chief read story,None,None,None,0
,4-4-2014,21:29:29,None,jammu amp kashmir flood,jammu amp kashmir flood,None,None,None,0
,4-4-2014,21:49:55,None,shahbaz visit flood hit villag sheikhupura narow south punjab news intern,shahbaz visit flood hit village sheikhupura narowal south punjab news international,None,None,None,0
2,4-4-2014,22:32:24,None,maudefroberg indianredcross airlift tent blanket kitchen set amp tarp flood affect jammu amp kashmir,maudefroberg indianredcross airlift tent blanket kitchen set amp tarp flood affect jammu amp kashmir,None,None,None,0
,4-4-2014,23:13:35,None,pakistan rush protect citi flood pakistani troop thursday rush protect two major citi,pakistan rush protect city flood pakistani troop thursday rush protect two major city,None,None,None,0
,4-4-2014,23:23:14,None,sm flood warn news intern sm flood warn news intern karachi pakistan,sm flood warning news international sm flood warning news international karachi pakistan,None,None,None,0
8,4-5-2014,0:20:30,None,Ã»Ã¯ revkin vanuatu batter supercyclon pam vid text earth love chang,Ã»Ã¯ revkin vanuatu batter supercyclone pam vid text earth love change,None,None,None,0
,4-5-2014,2:4:2,None,cyclon pam plough pacif,cyclone pam plough pacific,None,None,None,0
4,4-5-2014,2:22:34,None,uae coronaviru death toll rise minist manila_bulletin,uae coronavirus death toll rise minister manila_bulletin,None,None,None,0
5,4-5-2014,3:29:46,None,intens flood suddenli increas amp wash away bu minut groom board kashmirflood timesofindia,intensity flood suddenly increase amp wash away bus minute groom board kashmirfloods timesofindia,None,None,None,0
,4-5-2014,4:16:3,None,latest mtsat imageri rubyph pm tonight decemb,latest mtsat imagery rubyph pm tonight december,None,None,None,0
1,4-5-2014,4:57:5,None,shahbaz visit flood hit villag sheikhupura narow south punjab news intern,shahbaz visit flood hit village sheikhupura narowal south punjab news international,None,None,None,0
,4-5-2014,6:56:56,None,pam purs whore admit _,pam purse whore admit _,None,None,None,0
7,4-5-2014,7:2:14,None,rt earthuncuttv latest jma forecast track am philippin time typhoon hagupit rubyph crawl samar,rt earthuncuttv latest jma forecast track am philippine time typhoon hagupit rubyph crawl samar,None,None,None,0
2,4-5-2014,7:5:51,None,rt tan_tripathi mla fund public tax money rt Ã£ Ã¢ Ã¥ arvindkejriw aap mla donat rs lakh kashmir flood relief theÃ£ Ã¢ Ã¢,rt tan_tripathi mla fund public tax money rt Ã£ Ã¢ Ã¥ arvindkejriwal aap mlas donate r lakh kashmir flood relief theÃ£ Ã¢ Ã¢,None,None,None,0
9,4-5-2014,7:28:23,None,super typhoon hagupit flee storm approach,super typhoon hagupit flee storm approach,None,None,None,0
4,4-5-2014,7:42:14,None,rt ashokepandit let us stand togeth help peopl jammu amp kashmir fight flood kashmirflood,rt ashokepandit let u stand together help people jammu amp kashmir fight flood kashmirfloods,None,None,None,0
2,4-5-2014,8:7:29,None,timelin disast cameÃ£ Ã¢ Ã¥ afp pakistan rush protect citi flood,timeline disaster cameÃ£ Ã¢ Ã¥ afp pakistan rush protect city flood,None,None,None,0
0,4-5-2014,10:39:10,None,typhoon hagupit evacu step,typhoon hagupit evacuation step,None,None,None,0
0,4-5-2014,11:19:29,None,rt officialmqm album kkf relief activ flood victim jhang punjab pakistani,rt officialmqm album kkf relief activity flood victim jhang punjab pakistani,None,None,None,0
,4-5-2014,11:45:12,None,billmah narrow somewher bill mh,billmaher narrow somewhere bill mh,None,None,None,0
7,4-5-2014,12:10:33,None,break singapor offer assist changi rhcc philippin typhoon hagupit approach oursgarmi,break singapore offer assistance changi rhcc philippine typhoon hagupit approach oursgarmy,None,None,None,0
7,4-5-2014,12:17:11,None,rt ahsan_jehangir Ã£ Ã¢ Ã¥ faizanlakhani pictur explain flood situat wazirabad pakistanflood pakistan Ã£ Ã¢ Ã¢,rt ahsan_jehangir Ã£ Ã¢ Ã¥ faizanlakhani picture explain flood situation wazirabad pakistanfloods pakistan Ã£ Ã¢ Ã¢,None,None,None,0
9,4-5-2014,14:28:58,None,vanuatu _ followm vanuatu countri total obscur feroci cyclon pam tvnz,vanuatu _ followme vanuatu country totally obscure ferocious cyclone pam tvnz,None,None,None,0
1,4-5-2014,15:12:20,None,checkout spread jan_satyagarha narendramodi,checkout spread jan_satyagarha narendramodi,None,None,None,0
5,4-5-2014,15:13:16,None,countri tri track mh,country try track mh,None,None,None,0
5,4-5-2014,15:54:41,None,anyon know head middl east soon worri mer co v see info,anyone know head middle east soon worry mers co v see info,None,None,None,0
,4-5-2014,16:3:17,None,hagupit locat km away coast samar noon sea level pressur fell,hagupit locate km away coast samar noon sea level pressure fell,None,None,None,0
0,4-5-2014,16:7:41,None,india kashmir flood hit cricket bat suppli bbc news,india kashmir flood hit cricket bat supply bbc news,None,None,None,0
9,4-5-2014,16:42:52,None,ht couldnt miss temptat use poll bound describ help rss parivar orgn kashmirflood,ht couldnt miss temptation use poll bound describe help rss parivar orgns kashmirfloods,None,None,None,0
9,4-5-2014,17:30:12,None,Ã»Ã¯ inquirerdotnet feet storm surg may hit samar say project noah ksabilloinq rubyph Ã» _,Ã»Ã¯ inquirerdotnet foot storm surge may hit samar say project noah ksabilloinq rubyph Ã» _,None,None,None,0
9,4-5-2014,18:2:47,None,news rt typhoon hagupit hit eastern philippin million flee along coast n,news rt typhoon hagupit hit eastern philippine million flee along coast n,None,None,None,0
3,4-5-2014,18:59:36,None,perth brace storm cyclon olwyn,perth brace storm cyclone olwyn,None,None,None,0
7,4-5-2014,19:48:4,None,good morn sunday anticip weather hope bad rubyph typhoonrubi,good morning sunday anticipate weather hope bad rubyph typhoonruby,None,None,None,0
7,4-5-2014,21:8:19,None,mexico hunker odil hit coast,mexico hunkers odile hit coast,None,None,None,0
3,4-5-2014,21:11:7,None,rt indrapeterson odil forecast hurrican tuesday storm surg rainfal rate high hour flood http Ã»_,rt indrapetersons odile forecast hurricane tuesday storm surge rainfall rate high hour flood http Ã»_,None,None,None,0
4,4-5-2014,21:11:35,None,dec iss flyover typhoon hagupit rubyph eyewal amp outer r via youtub,dec i flyover typhoon hagupit rubyph eyewall amp outer r via youtube,None,None,None,0
6,4-5-2014,21:49:13,None,updat rubyph,update rubyph,None,None,None,0
0,4-5-2014,22:38:10,None,typhoon hagupit cnn pray philippin,typhoon hagupit cnn pray philippine,None,None,None,0
0,4-5-2014,22:48:46,None,flood oper dharha pakistan progress way maryamnsharif geonews_english undp aworldatschool ajenglish,flood operation dharha pakistan progress way maryamnsharif geonews_english undp aworldatschool ajenglish,None,None,None,0
,4-5-2014,23:39:47,None,typhoon hagupit hit philippin world news,typhoon hagupit hit philippine world news,None,None,None,0
1,4-5-2014,23:44:54,None,typhoon hagupit evacu step,typhoon hagupit evacuation step,None,None,None,0
5,4-5-2014,23:47:4,None,ciara_notsierra chloe shall rise pam,ciara_notsierra chloe shall rise pam,None,None,None,0
5,4-6-2014,0:41:9,None,bilaw bhutto visit flood hit area punjab soon mian manzoor wattoo,bilawal bhutto visit flood hit area punjab soon mian manzoor wattoo,None,None,None,0
3,4-6-2014,1:13:26,None,Ã»Ã¯ izamaeliit rubi mean r reveng u unfinish b busi yolanda oh nooo wag naman sana keep safe guy rubyph Ã»,Ã»Ã¯ izamaeliit ruby mean r revenge u unfinished b business yolanda oh nooo wag naman sana keep safe guy rubyph Ã»,None,None,None,0
4,4-6-2014,1:42:20,None,arizona toll pakistan india flood rise inew publish arkansa,arizona toll pakistan india flood rise inews publisheds arkansas,None,None,None,0
2,4-6-2014,2:20:15,None,rt ajaishukla terrif work armi kashmir flood armi best even pro azadi kashmiri forget arÃ£ Ã¢ Ã¢,rt ajaishukla terrific work army kashmir flood army best even pro azadi kashmiri forget arÃ£ Ã¢ Ã¢,None,None,None,0
,4-6-2014,2:39:18,None,philippin typhoon aid smemchat typhoonhagupit typhoonrubi hagupit call smem volunt,philippine typhoon aid smemchat typhoonhagupit typhoonruby hagupit call smem volunteer,None,None,None,0
3,4-6-2014,3:27:13,None,saudi arabia ministri health report sixteen new mer cov case april edit,saudi arabia ministry health report sixteen new mers cov case april edit,None,None,None,0
4,4-6-2014,4:33:7,None,massiv evacu typhoon hagupit near philippin manila reuter half Ã»_ trend news,massive evacuation typhoon hagupit near philippine manila reuters half Ã»_ trend news,None,None,None,0
0,4-6-2014,4:39:56,None,team_iungalan_ typhoon hagupit rubi leyt imag updat folk ground via yeremiix,team_iungalan_ typhoon hagupit ruby leyte image update folk ground via yeremiix,None,None,None,0
,4-6-2014,5:10:31,None,rt mohituraina one deserv situat none prayer kashmir flood victim,rt mohituraina one deserve situation none prayer kashmir flood victim,None,None,None,0
1,4-6-2014,6:12:48,None,super storm hagupit philippin,super storm hagupit philippine,None,None,None,0
5,4-6-2014,6:22:49,None,typhoon tear home disast weari philippin,typhoon tear home disaster weary philippine,None,None,None,0
9,4-6-2014,7:7:12,None,weguard typhoon hagupit Ã»Ã² pictur prepar made evacu filipino famili live lol knfao,weguard typhoon hagupit Ã»Ã² picture preparation make evacuate filipino family live lol knfao,None,None,None,0
4,4-6-2014,7:11:35,None,filipino flee typhoon blow near via feedli,filipino flee typhoon blow near via feedly,None,None,None,0
1,4-6-2014,7:19:10,None,kashmir flood india pm narendra modi refus unit nation assist place live danger,kashmir flood india pm narendra modi refuse united nation assistance place live danger,None,None,None,0
3,4-6-2014,8:17:57,None,aljazeera news thousand still strand flood hit kashmir least dead divid himalayan region,aljazeera news thousand still strand flood hit kashmir least dead divide himalayan region,None,None,None,0
9,4-6-2014,10:24:58,None,pam beesli incred,pam beesly incredible,None,None,None,0
2,4-6-2014,11:12:20,None,rt hinaparvezbutt thank malala feel pain flood affect peopl punjab amp donat rs million r indebt youÃ£ Ã¢ Ã¢,rt hinaparvezbutt thank malala feel pain flood affect people punjab amp donate r million r indebted youÃ£ Ã¢ Ã¢,None,None,None,0
6,4-6-2014,12:12:21,None,jammu amp kashmir flood iaf armi nation disast respons forc intensifi rescu oper death Ã£ Ã¢ Ã¢ Ã£ Ã¢ Ã¢ zeeÃ£ Ã¢ news,jammu amp kashmir flood iaf army national disaster response force intensify rescue operation death Ã£ Ã¢ Ã¢ Ã£ Ã¢ Ã¢ zeeÃ£ Ã¢ news,None,None,None,0
2,4-6-2014,13:48:30,None,hagupit hope cool,hagupit hop cool,None,None,None,0
2,4-6-2014,14:15:10,None,power typhoon slam eastern philippin fled safeti,powerful typhoon slam eastern philippine flee safety,None,None,None,0
7,4-6-2014,15:7:37,None,pakistan evacu thousand flood hit plain,pakistan evacuate thousand flood hit plain,None,None,None,0
,4-6-2014,15:16:40,None,rt timesofindia j amp ok flood helplin number rt kashmirflood,rt timesofindia j amp ok flood helpline number rt kashmirfloods,None,None,None,0
,4-6-2014,15:51:49,None,hittheroadjak pam hold blame xae cuti,hittheroadjak pam hold blame xae cutie,None,None,None,0
9,4-6-2014,16:26:25,None,nrlsharksbronco vanuatu friday th forvreb wonder sens break heart view stori love,nrlsharksbroncos vanuatu friday th forvreb wonderful sense break heart view story love,None,None,None,0
7,4-6-2014,16:33:38,None,jklf chief yasin malik deni hijack rescu boat flood hit jammu kashmir jammu kashmir liber f,jklf chief yasin malik deny hijack rescue boat flood hit jammu kashmir jammu kashmir liberation f,None,None,None,0
7,4-6-2014,16:41:39,None,live stream mass decemb nation shrine mother perpetu help baclaran philippin,live stream mass december national shrine mother perpetual help baclaran philippine,None,None,None,0
0,4-6-2014,17:58:15,None,vanuatu massiv crise send quid red cross best reach remot area need help,vanuatu massive crisis send quid red cross best reach remote area need help,None,None,None,0
7,4-6-2014,18:33:30,None,kashmir flood flee srinagar resid take refug makeshift camp,kashmir flood flee srinagar resident take refuge makeshift camp,None,None,None,0
9,4-6-2014,18:58:35,None,look help verifi rumor typhoon hagupit search skill pleas help,look help verify rumor typhoon hagupit search skills please help,None,None,None,0
6,4-6-2014,19:12:19,None,dreamland ciao _Ã¶ goodnight _Ã¡ _Ã¡ xoxo keep pray rubyph,dreamland ciao _Ã¶ goodnight _Ã¡ _Ã¡ xoxo keep praying rubyph,None,None,None,0
4,4-6-2014,19:57:22,None,sorri clearli peopl live shanti style accommod effect homeless tcpam amp still,sorry clearly people live shanty style accommodation effectively homeless tcpam amp still,None,None,None,0
,4-6-2014,20:26:27,None,usaheadlin death toll india pakistan flood reach,usaheadlines death toll india pakistan flood reach,None,None,None,0
3,4-6-2014,20:54:11,None,pakistani troop expand rescu flood hit area pakistani troop expand rescu oper flood wreak ha,pakistani troop expand rescue flood hit area pakistani troop expand rescue operation flood wreak ha,None,None,None,0
8,4-6-2014,23:2:9,None,rt ikumar best sir long live rt arvindkejriw aap mla donat rs lakh kashmir flood relief thÃ£ Ã¢ Ã¢,rt ikumar best sir long live rt arvindkejriwal aap mlas donate r lakh kashmir flood relief thÃ£ Ã¢ Ã¢,None,None,None,0
2,4-6-2014,23:2:16,None,biznew typhoon tear home disast weari philippin legaspi philipp visit,biznews typhoon tear home disaster weary philippine legaspi philipp visit,None,None,None,0
4,4-6-2014,23:37:38,None,flood affect peopl villag azad kashmir ndma qazisalahuddin gmai com geo new nice,flood affect people village azad kashmir ndma qazisalahuddin gmai com geo new nice,None,None,None,0
,4-6-2014,23:41:53,None,flee typhoon effect felt philippin,flee typhoon effect felt philippine,None,None,None,0
,4-7-2014,1:47:41,None,bilater disson india want also pakistan flood relief hero watch interview praveenswami,bilateral dissonance india want also pakistan flood relief hero watch interview praveenswami,None,None,None,0
7,4-7-2014,3:58:42,None,cdcgov respir use n health care workplac toolkit respir program admin coronaviru mer h la mph,cdcgov respirator use n health care workplace toolkit respirator program admin coronavirus mers h la mph,None,None,None,0
6,4-7-2014,4:26:35,None,rt gdlangland teach everi pakistani enough solv person problem countri problem problem hÃ£ Ã¢ Ã¢,rt gdlanglands teach every pakistani enough solve personal problem country problem problem hÃ£ Ã¢ Ã¢,None,None,None,0
6,4-7-2014,4:40:54,None,raw hurrican odil make landfal mexico watch via ap,raw hurricane odile make landfall mexico watch via ap,None,None,None,0
1,4-7-2014,6:39:34,None,pray kashmir peopl includ close famili member strand right due heavi flood state pray,pray kashmir people include close family member strand right due heavy flood state pray,None,None,None,0
6,4-7-2014,6:40:13,None,militari full alert typhoon blow near eastern philippin,military full alert typhoon blow near eastern philippine,None,None,None,0
5,4-7-2014,7:13:12,None,flood furi death roll reach hundr still miss rise kashmir,flood fury death roll reach hundred still miss rise kashmir,None,None,None,0
,4-7-2014,7:56:56,None,typhoon tear home disast weari philippin rakyat post,typhoon tear home disaster weary philippine rakyat post,None,None,None,0
2,4-7-2014,8:29:11,None,rt martincallan kashmir citi hit huge flood much main citi indian administ kashmir srinagar water Ã¢ Ã¢,rt martincallan kashmir city hit huge flood much main city indian administer kashmir srinagar water Ã¢ Ã¢,None,None,None,0
3,4-7-2014,8:32:1,None,rt nadeemqasim_ import purifi use flood water noth avail kashmirflood rt,rt nadeemqasim_ important purify use flood water nothing available kashmirfloods rt,None,None,None,0
2,4-7-2014,8:59:5,None,trend philippin pht jervi random call rj special greet hagupit,trend philippine pht jervy random call rj special greeting hagupit,None,None,None,0
3,4-7-2014,9:17:50,None,hotd made tweegram app haiku typhoon rubi philippin,hotd make tweegram app haiku typhoon ruby philippine,None,None,None,0
5,4-7-2014,9:27:15,None,caintess vanuatuhuman vnutu abcnew monishnand abcnew c pam vanuatu prayer across island tonight,caintess vanuatuhumans vnutu abcnews monishnand abcnews c pam vanuatu prayer across island tonight,None,None,None,0
6,4-7-2014,12:20:10,None,jammu kashmir flood srinagar torn brother nephew report kashmirflood,jammu kashmir flood srinagar torn brother nephew reporter kashmirfloods,None,None,None,0
,4-7-2014,14:36:29,None,rt nabilgabol build home take time case naya pakistan v must forget peopl flood need us let theÃ£ Ã¢ Ã¢,rt nabilgabol build home take time case naya pakistan v must forget people flood need u let theÃ£ Ã¢ Ã¢,None,None,None,0
8,4-7-2014,15:40:1,None,vanuatu disast Ã»Ã² aid head vanuatu devast pacif Ã»_ news aidhead climat cyclon disast,vanuatu disaster Ã»Ã² aid head vanuatu devastate pacific Ã»_ news aidhead climate cyclone disaster,None,None,None,0
,4-7-2014,15:50:4,None,rt jasmeenmanzoor go nawaz go slogan rais azadi kashmir pm address flood effect peopl,rt jasmeenmanzoor go nawaz go slogan raise azadi kashmir pm address flood effect people,None,None,None,0
,4-7-2014,16:30:33,None,would request due flood dharna delay nation interest tri help pakistani difficult time,would request due flood dharnas delay national interest try help pakistanis difficult time,None,None,None,0
2,4-7-2014,17:31:7,None,latest srinagar kashmir flood indian navi jhelum river marco indiatvn indiannew,latest srinagar kashmir flood indian navy jhelum river marcos indiatvn indiannews,None,None,None,0
9,4-7-2014,17:40:4,None,rt endtimesnew rage flood kill pakistan india abc news via abc,rt endtimesnews rag flood kill pakistan india abc news via abc,None,None,None,0
7,4-7-2014,19:35:17,None,nuestravidaylaciencia egypt health minist urg citizen report flu symptom contain mer ebola,nuestravidaylaciencia egypt health minister urge citizens report flu symptom contain mers ebola,None,None,None,0
5,4-7-2014,20:28:10,None,happen calbayog samar accord kuya kim rubyph get slower compar typhoon yolanda,happen calbayog samar accord kuya kim rubyph get slower compare typhoon yolanda,None,None,None,0
8,4-7-2014,21:7:44,None,rt comradepk punjab govt reject rs million blank chequ offer kpk govt flood affecte reveal kpk minist,rt comradepk punjab govt reject r million blank cheque offer kpk govt flood affectees reveals kpk minister,None,None,None,0
,4-7-2014,21:43:28,None,flood pakistan blog maha_ahmad_khan retweet,flood pakistan blog maha_ahmad_khan retweet,None,None,None,0
,4-7-2014,22:9:28,None,typhoon hit philippin emm,typhoon hit philippine emm,None,None,None,0
0,4-7-2014,22:11:6,None,advic bom cyclon nathan categori move slowli southwest toward coast tcnathan tcnathan bigwet,advice bom cyclone nathan category move slowly southwest towards coast tcnathan tcnathan bigwet,None,None,None,0
9,4-7-2014,22:16:58,None,dailynewsegypt timelin deadli mer viru,dailynewsegypt timeline deadly mers virus,None,None,None,0
1,4-7-2014,23:24:14,None,post human vanuatu page frankli look quit terrifi,post human vanuatu page frankly look quite terrify,None,None,None,0
,4-7-2014,23:24:52,None,pakistani islamist use flood turn opinion india,pakistani islamist use flood turn opinion india,None,None,None,0
1,4-8-2014,0:37:21,None,power typhoon slam eastern philippin typhoon hagupit slam central philippin seattl,powerful typhoon slam eastern philippine typhoon hagupit slam central philippine seattle,None,None,None,0
,4-8-2014,0:55:52,None,rt rtenew power hurrican odil strike popular mexican tourist resort,rt rtenews powerful hurricane odile strike popular mexican tourist resort,None,None,None,0
4,4-8-2014,1:20:6,None,god bless vanuatu prayersup,god bless vanuatu prayersup,None,None,None,0
6,4-8-2014,3:42:17,None,prayer go peopl vanuatu cyclonepam vanuatu,prayer go people vanuatu cyclonepam vanuatu,None,None,None,0
3,4-8-2014,3:55:3,None,rt arifalvi great rt maria_memon displac flood sikh famili rest insid mosqu given shelter human pakistan Ã¢ Ã¢,rt arifalvi great rt maria_memon displace flood sikh family rest inside mosque give shelter human pakistan Ã¢ Ã¢,None,None,None,0
3,4-8-2014,4:36:21,None,catastroph floodin immin typhoon hagupit make landfal typhoonhagupit,catastrophic floodin imminent typhoon hagupit make landfall typhoonhagupit,None,None,None,0
8,4-8-2014,5:13:54,None,gem_k storm good let hope vanuatu surviv,gem_k storms good let hope vanuatu survives,None,None,None,0
1,4-8-2014,5:58:57,None,modiministri kashmir flood gift srinagar love switzerland,modiministry kashmir flood gift srinagar love switzerland,None,None,None,0
,4-8-2014,6:29:31,None,rt timesnow dlf foundat philanthrop arm realti giant dlf send kg relief suppli flood hit jammu amp kashmir pÃ£ Ã¢ Ã¢,rt timesnow dlf foundation philanthropic arm realty giant dlf send kg relief supply flood hit jammu amp kashmir pÃ£ Ã¢ Ã¢,None,None,None,0
2,4-8-2014,7:12:14,None,minor landslid san julian town eastern samar clear entir provinc without power ahead hagupit cong evardon,minor landslide san julian town eastern samar clear entire province without power ahead hagupit cong evardone,None,None,None,0
6,4-8-2014,8:34:12,None,rt omarimrantweet everi year flood come pakistan everi year thousand die everi year govern deal say pÃ£ Ã¢ Ã¢,rt omarimrantweets every year flood come pakistan every year thousand die every year government deal say pÃ£ Ã¢ Ã¢,None,None,None,0
0,4-8-2014,9:26:23,None,rt pib_india pmo offici contribut one day salari flood affect peopl jammu kashmir,rt pib_india pmo official contribute one day salary flood affect people jammu kashmir,None,None,None,0
5,4-8-2014,9:47:17,None,u south african hostag kill rescu attempt yemen philippin,u south african hostage kill rescue attempt yemen philippine,None,None,None,0
3,4-8-2014,11:15:12,None,rt alicebel imag kashmir flood,rt alicebell image kashmir flood,None,None,None,0
8,4-8-2014,12:16:10,None,typhoon lash philippin amid fear repeat last year Ã»Âª devast,typhoon lash philippine amid fear repeat last year Ã»Âªs devastation,None,None,None,0
0,4-8-2014,12:43:23,None,bihar govern provid rs crore flood hit jammu kashmir bihar chief minist jitan ram manjhi,bihar government provide rs crore flood hit jammu kashmir bihar chief minister jitan ram manjhi,None,None,None,0
6,4-8-2014,13:51:11,None,rt tambra_khurram imranwaseem watch express tv showbaaz ask overse pakistani send money flood victim sorri uÃ£ Ã¢ Ã¢,rt tambra_khurram imranwaseem watch express tv showbaaz ask oversee pakistani send money flood victim sorry uÃ£ Ã¢ Ã¢,None,None,None,0
0,4-8-2014,14:54:36,None,rt ikumar best sir long live rt arvindkejriw aap mla donat rs lakh kashmir flood relief thÃ£ Ã¢ Ã¢,rt ikumar best sir long live rt arvindkejriwal aap mlas donate r lakh kashmir flood relief thÃ£ Ã¢ Ã¢,None,None,None,0
,4-8-2014,15:49:12,None,_Ã¤ rt twc_hurrican rt leolastimosa energi secretari jericho petilla confirm power blackout samar provinc rubyph hagupit,_Ã¤ rt twc_hurricane rt leolastimosa energy secretary jericho petilla confirm power blackout samar province rubyph hagupit,None,None,None,0
7,4-8-2014,16:41:7,None,cyclon lam rain caus manganes spill bhp billiton mine nt offici,cyclone lam rain cause manganese spill bhp billiton mine nt official,None,None,None,0
3,4-8-2014,17:11:45,None,higginsstormch thought prayer vanuatu,higginsstormch thought prayer vanuatu,None,None,None,0
7,4-8-2014,17:29:5,None,rt cnnbrk rain lash part philippin saturday typhoon hagupit barrel toward coast,rt cnnbrk rain lash part philippine saturday typhoon hagupit barrel toward coast,None,None,None,0
7,4-8-2014,18:34:20,None,pakistan flood worsen action india pakistani chutiya channel like arynewsoffici,pakistan flood worsen action india pakistani chutiya channel like arynewsofficial,None,None,None,0
2,4-8-2014,19:15:55,None,almost june u know mean never stop hope keep pray prayformh,almost june u know mean never stop hop keep pray prayformh,None,None,None,0
,4-8-2014,20:55:22,None,rt ndtv kashmirflood helplin number,rt ndtv kashmirfloods helpline number,None,None,None,0
3,4-8-2014,22:13:47,None,rt toientertain kashmir flood bollywood celebr hope pray send messag,rt toientertain kashmir flood bollywood celebrity hope pray send message,None,None,None,0
4,4-8-2014,23:20:35,None,jammu safeguard border brave flood five day incess rain jammu kashmir fo,jammu safeguard border brave flood five day incessant rain jammu kashmir fo,None,None,None,0
8,4-9-2014,0:44:43,None,monsoon flood surg head south swamp central punjab,monsoon flood surge head south swamp central punjab,None,None,None,0
7,4-9-2014,3:9:13,None,fla_med mackayim maiamajumd new mer pt requir hospilxn wide distribut wo regard age comorb asympt,fla_medic mackayim maiamajumder new mers pts require hospilxn widely distribute wo regard age comorbs asympt,None,None,None,0
1,4-9-2014,3:10:3,None,connecticut least dead flood rescu boat capsiz pakistan least dead flood r delawar,connecticut least dead flood rescue boat capsize pakistan least dead flood r delaware,None,None,None,0
5,4-9-2014,3:58:51,None,break news flood put half million peopl peril leav thousand homeless detail kashmirflood,break news flood put half million people peril leave thousand homeless detail kashmirfloods,None,None,None,0
3,4-9-2014,4:47:50,None,annemain stalban typhoon hagupit make landfal thrash philippin settl Ã»_ mp polit lnn,annemain stalbans typhoon hagupit make landfall thrash philippine settle Ã»_ mp politics lnn,None,None,None,0
8,4-9-2014,5:12:59,None,full episod gma american journalist luke somer murder al qaeda captor typhoon hagupit hit philippin follow,full episode gma american journalist luke somers murder al qaeda captor typhoon hagupit hit philippine follow,None,None,None,0
6,4-9-2014,5:35:26,None,said safe vanuatu,say safe vanuatu,None,None,None,0
,4-9-2014,7:30:13,None,socialmedia social media saviour flood hit kashmir socialmedia kasmir social medi facebook fb,socialmedia social medium saviour flood hit kashmir socialmedia kasmir social medi facebook fb,None,None,None,0
0,4-9-2014,8:1:22,None,cloudi overcast bacolod negrosocc intermitt shower rubyph,cloudy overcast bacolod negrosocc intermittent shower rubyph,None,None,None,0
8,4-9-2014,8:17:32,None,odil break record strongest baja landfal per nhc_pacif tie olivia mph,odile break record strongest baja landfall per nhc_pacific tie olivia mph,None,None,None,0
,4-9-2014,10:57:27,None,guardian major hurrican odil strike mexico baja californiabusinessweekthi satellit imag provid noaa show categori four,guardian major hurricane odile strike mexico baja californiabusinessweekthis satellite image provide noaa show category four,None,None,None,0
4,4-9-2014,11:3:51,None,rt junaid_junaid fractur harmoni among provinc jaagalert punjab govt reject rs million offer kpk govt flood http Ã£ Ã¢ Ã¢,rt junaid_junaid fracture harmony among province jaagalerts punjab govt reject rs million offer kpk govt flood http Ã£ Ã¢ Ã¢,None,None,None,0
1,4-9-2014,13:26:8,None,rt ericburriswesh someth see everyday big bad hurrican head right baja california hope prepar h Ã»_,rt ericburriswesh something see everyday big bad hurricane head right baja california hope prepared h Ã»_,None,None,None,0
9,4-9-2014,13:27:49,None,r h e bow pam bow end rd recap,r h e bow pam bow end rd recap,None,None,None,0
0,4-9-2014,13:53:56,None,rt ruchikatalwar help pakistan fight flood hope sympathet amp human gestur overwrit acrimoni past cynÃ£ Ã¢ Ã¢,rt ruchikatalwar help pakistan fight flood hope sympathetic amp humane gesture overwrite acrimony past cynÃ£ Ã¢ Ã¢,None,None,None,0
8,4-9-2014,14:59:39,None,want help vanuatu cyclonepam Ã»Âªt know start add offer tech support,want help vanuatu cyclonepam Ã»Âªt know start add offer tech support,None,None,None,0
2,4-9-2014,15:27:22,None,hurrican odil strike mexico baja california wsj tn,hurricane odile strike mexico baja california wsj tn,None,None,None,0
,4-9-2014,16:17:49,None,thought vanuatu lovevanuatu cyclonepam,thought vanuatu lovevanuatu cyclonepam,None,None,None,0
0,4-9-2014,16:42:32,None,tripura donat rs crore flood hit jammu kashmir tripura govern contribut rs crore f,tripura donate rs crore flood hit jammu kashmir tripura government contribute rs crore f,None,None,None,0
2,4-9-2014,17:24:43,None,amplifytyd cnn aid arriv cyclon devast vanuatu death toll remain unclear sydney morn herald,amplifytyde cnn aid arrive cyclone devastate vanuatu death toll remain unclear sydney morning herald,None,None,None,0
6,4-9-2014,18:6:11,None,rubyph strong ph,rubyph strong ph,None,None,None,0
2,4-9-2014,19:35:52,None,new mer death take death toll saudiarabia,new mers death take death toll saudiarabia,None,None,None,0
,4-9-2014,20:12:33,None,rt jasmeenmanzoor go nawaz go slogan rais azadi kashmir pm address flood effect peopl,rt jasmeenmanzoor go nawaz go slogan raise azadi kashmir pm address flood effect people,None,None,None,0
2,4-9-2014,20:39:12,None,kashmir flood big challeng kashmiri us big time prove kashmir differ us bro,kashmir flood big challenge kashmiris u big time prove kashmir different u bro,None,None,None,0
4,4-9-2014,20:54:57,None,philippin brace super typhoon hagupit usa today typhoon,philippine brace super typhoon hagupit usa today typhoon,None,None,None,0
0,4-9-2014,21:23:4,None,flood affect peopl jammu kashmir rel peopl use,flood affect people jammu kashmir relative people use,None,None,None,0
2,4-9-2014,22:4:3,None,rt the_nat punjab govern releas rs million flood hit district,rt the_nation punjab government release rs million flood hit district,None,None,None,0
3,4-9-2014,22:39:17,None,flood trap thousand kashmir region armi air forc troop work rescu thousand peopl,flood trap thousand kashmir region army air force troop work rescue thousand people,None,None,None,0
,4-9-2014,23:41:3,None,devast hit vanuatu casualti exact fatal unknown,devastation hit vanuatu casualty exact fatality unknown,None,None,None,0
2,4-10-2014,0:15:20,None,mp announc rs cr assist flood hit j amp ok jammukashmirflood,mp announces rs cr assistance flood hit j amp ok jammukashmirfloods,None,None,None,0
9,4-10-2014,0:26:56,None,seen photo braveheart battl flood save strand kashmiri rediff yet,see photo bravehearts battle flood save strand kashmiri rediff yet,None,None,None,0
8,4-10-2014,0:39:36,None,drqadri make emerg appeal minhaj welfar foundat flood victim pakistan statusquovsoppress mwf,drqadri make emergency appeal minhaj welfare foundation flood victim pakistan statusquovsoppressed mwf,None,None,None,0
7,4-10-2014,1:8:10,None,rt weatherchannel center hurrican odil la paz mx latest satellit imag,rt weatherchannel center hurricane odile la paz mx latest satellite image,None,None,None,0
8,4-10-2014,1:23:38,None,democraci dead miss mh pilot pictur wear polit slogan shirt ridicul,democracy dead miss mh pilot picture wear political slogan shirt ridiculous,None,None,None,0
7,4-10-2014,2:15:39,None,pray u typhoon commin around philippin,pray us typhoon commin around philippine,None,None,None,0
1,4-10-2014,2:18:17,None,eshbutt maryamnsharif aur ye pani hm khushk hone nahn den ge lol mqm punjab pakistanflood flood pti ptioffici shkhrashe,eshbutt maryamnsharif aur ye pani hm khushk hone nahn den ge lol mqm punjab pakistanfloods flood pti ptiofficial shkhrasheed,None,None,None,0
5,4-10-2014,2:55:28,None,cp canada help philippin typhoon impact need oliv,cp canada help philippines typhoon impact need oliver,None,None,None,0
6,4-10-2014,2:59:42,None,Ã»Ã¯ mh expert us know say miss plane video blog citizen,Ã»Ã¯ mh expert u know say miss plane video blogging citizen,None,None,None,0
7,4-10-2014,4:51:23,None,rt rahulkanw state govt complet miss action sinc flood ravag kashmir local furiou govt apathi respons far wors Ã£ Ã¢ Ã¢,rt rahulkanwal state govt completely miss action since flood ravage kashmir local furious govt apathy response far worse Ã£ Ã¢ Ã¢,None,None,None,0
1,4-10-2014,6:49:50,None,usa news cyclon olwyn storm lash small coastal commun denham wa mid west downgrad weather,usa news cyclone olwyn storm lash small coastal community denham wa mid west downgrade weather,None,None,None,0
9,4-10-2014,6:59:52,None,typhoon hagupit evacu step,typhoon hagupit evacuation step,None,None,None,0
7,4-10-2014,7:57:49,None,rt weatherchannel center hurrican odil near la paz capit baja calif sur pop k,rt weatherchannel center hurricane odile near la paz capital baja calif sur pop k,None,None,None,0
2,4-10-2014,8:9:21,None,jammu kashmir flood inform home ministri helplin Ã£ Ã¢ Ã£ Ã¢ nation disast respons forc control room Ã£ Ã¢ Ã£ Ã¢ kashmirflood,jammu kashmir flood information home ministry helpline Ã£ Ã¢ Ã£ Ã¢ national disaster response force control room Ã£ Ã¢ Ã£ Ã¢ kashmirfloods,None,None,None,0
3,4-10-2014,9:7:26,None,hurrican odil east pacif,hurricane odile east pacific,None,None,None,0
,4-10-2014,9:32:21,None,cyclonepam updat follow vanuatu countri director colincvr media contact hohenboken donat,cyclonepam update follow vanuatu country director colincvr medium contact hohenboken donate,None,None,None,0
6,4-10-2014,10:16:35,None,carlahouston imperson avatar capt pam karel pilot american airlin avgeek,carlahouston impersonate avatar capt pam karel pilot american airline avgeek,None,None,None,0
5,4-10-2014,10:24:20,None,usaheadlin pakistan india flood death toll pass,usaheadlines pakistan india flood death toll pass,None,None,None,0
7,4-10-2014,11:23:35,None,friend hike instal phone know flood jammu amp kashmir,friend hike installed phone know flood jammu amp kashmir,None,None,None,0
,4-10-2014,12:40:19,None,new friend live philippin wish safe passag approach typhoon,new friend live philippine wish safe passage approach typhoon,None,None,None,0
1,4-10-2014,13:51:7,None,flood affect peopl villag azad kashmir ndma geo news,flood affect people village azad kashmir ndma geo news,None,None,None,0
9,4-10-2014,14:4:2,None,odil break record strongest baja landfal per nhc_pacif tie olivia mph,odile break record strongest baja landfall per nhc_pacific tie olivia mph,None,None,None,0
,4-10-2014,15:8:20,None,rt upma today pm modiji monit flood relief j amp ok say jammu kashmir part india flood stop foÃ£ Ã¢ Ã¢,rt upma today pm modiji monitering flood relief j amp ok say jammu kashmir part india flood stop foÃ£ Ã¢ Ã¢,None,None,None,0
9,4-10-2014,15:12:40,None,flood devast govern urg declar district calam hit pakistan agricultur,flood devastation government urge declare district calamity hit pakistan agricultural,None,None,None,0
,4-10-2014,16:21:40,None,landslid add miseri kashmir worst flood decad srinagar india reuter rescuer race,landslide add misery kashmir worst flood decade srinagar india reuters rescuer race,None,None,None,0
,4-10-2014,17:33:57,None,super typhoon hagupit flee storm approach,super typhoon hagupit flee storm approach,None,None,None,0
4,4-10-2014,17:42:28,None,pakistani troop expand rescu flood hit area,pakistani troop expand rescue flood hit area,None,None,None,0
8,4-10-2014,18:5:47,None,kashmir flood malayali safe say cm,kashmir flood malayalis safe say cm,None,None,None,0
4,4-10-2014,18:32:23,None,believ even Ã»Âªt pretend point battlesph rubyph btswelcometothephilippin,believe even Ã»Âªt pretend point battlesph rubyph btswelcometothephilippines,None,None,None,0
1,4-10-2014,18:36:13,None,us offici confirm st case middl east respiratori syndrom reuter,u official confirm st case middle east respiratory syndrome reuters,None,None,None,0
3,4-10-2014,18:57:53,None,india modi visit kashmir flood kill srinagar india reuter death toll seriou gt style,india modi visit kashmir flood kill srinagar india reuters death toll serious gt style,None,None,None,0
7,4-10-2014,20:36:25,None,saudi arabia case mer viru dead,saudi arabia case mers virus dead,None,None,None,0
8,4-10-2014,20:55:33,None,jammu kashmir flood yasin malik creat hurdl indian armyÃ£ Ã¢ Ã¢ relief Ã£ Ã¢ Ã¢ Ã£ Ã¢ Ã¢ topnew,jammu kashmir flood yasin malik creates hurdle indian armyÃ£ Ã¢ Ã¢ relief Ã£ Ã¢ Ã¢ Ã£ Ã¢ Ã¢ topnews,None,None,None,0
4,4-10-2014,21:48:19,None,ph armi also awar happen countri stay safe rubyph trbinmanila,ph army also aware happen country stay safe rubyph trbinmanila,None,None,None,0
3,4-10-2014,22:54:37,None,money matter everyon friend Ã»_ vanuatu travel pictur twi,money matter everyone friend Ã»_ vanuatu travel picture twi,None,None,None,0
5,4-11-2014,0:25:57,None,rt hindolsengupta flood kashmir seen absolut crimin viciou petti indian seculÃ£ Ã¢ Ã¢,rt hindolsengupta flood kashmir see absolutely criminally vicious pettiness indian seculÃ£ Ã¢ Ã¢,None,None,None,0
,4-11-2014,0:36:6,None,cyclon,cyclone,None,None,None,0
6,4-11-2014,1:18:21,None,philippin get pound anoth typhoon stori differ california scari need rain next tweet,philippine get pound another typhoon story different california scary need rain next tweet,None,None,None,0
3,4-11-2014,3:17:29,None,syracus flee philippin villag brace typhoon hagupit,syracuse flee philippine village brace typhoon hagupit,None,None,None,0
6,4-11-2014,3:23:10,None,hagupit laspiÃ¬ love mentaphon anonym,hagupit laspiÃ¬ love mentaphone anonym,None,None,None,0
0,4-11-2014,3:52:3,None,breakingweath hagupit continu bring devast impact philippin sunday,breakingweather hagupit continue bring devastate impact philippine sunday,None,None,None,0
8,4-11-2014,4:27:45,None,typhoon hagupit evacu step ff news uk usa,typhoon hagupit evacuation step ff news uk usa,None,None,None,0
2,4-11-2014,5:59:27,None,rt bharat_putra jammu kashmir armi rescu peopl flood column deploy via dna,rt bharat_putra jammu kashmir army rescue people flood column deploy via dna,None,None,None,0
1,4-11-2014,6:19:5,None,rt ayaztaj everyon pleas pray pakistan india hit sever flood may god pakistanflood Ã¢ Ã¢,rt ayaztaj everyone please pray pakistan india hit severe flood may god pakistanfloods Ã¢ Ã¢,None,None,None,0
,4-11-2014,6:43:49,None,typhoon hagupit rubi make landfal philippin danger continu forecast,typhoon hagupit ruby make landfall philippine danger continue forecast,None,None,None,0
5,4-11-2014,7:35:51,None,flee typhoon blow near eastern philippin militari full alert worldnew,flee typhoon blow near eastern philippine military full alert worldnews,None,None,None,0
2,4-11-2014,8:37:2,None,philippin typhoon spark call climat action pakistan,philippine typhoon spark call climate action pakistan,None,None,None,0
9,4-11-2014,8:42:13,None,typhoon hagupit slam central philippin,typhoon hagupit slam central philippine,None,None,None,0
,4-11-2014,9:5:50,None,hafiz saeed deplor human pakistan kashmirflood,hafiz saeed deplorable human pakistan kashmirfloods,None,None,None,0
,4-11-2014,9:23:28,None,rt kaashur kashmir flood footag srinagar citi sep kashmirflood,rt kaashur kashmir flood footage srinagar city sep kashmirfloods,None,None,None,0
2,4-11-2014,10:17:35,None,kashmir flood relief congress duck question account state govern,kashmir flood relief congress duck question accountability state government,None,None,None,0
5,4-11-2014,10:48:51,None,short time laps video jame reynold earthuncuttv typhoon rubi hagupit approach calbayog citi,short time lapse video james reynolds earthuncuttv typhoon ruby hagupit approach calbayog city,None,None,None,0
3,4-11-2014,11:16:23,None,philippin typhoon hagupit evacu step,philippine typhoon hagupit evacuation step,None,None,None,0
3,4-11-2014,11:28:51,None,flood warn india pakistan spzee,flood warning india pakistan spzee,None,None,None,0
4,4-11-2014,11:49:5,None,rt fakingnew terrorist cross border help yasin malik serv kashmir flood victim hijack rescu boat,rt fakingnews terrorist cross border help yasin malik serve kashmir flood victim hijack rescue boat,None,None,None,0
9,4-11-2014,12:24:7,None,rt ndtv jayalalithaa announc rs crore assist flood hit kashmir,rt ndtv jayalalithaa announces rs crore assistance flood hit kashmir,None,None,None,0
,4-11-2014,13:10:36,None,twitter connect india need flood hit kashmir ndtv gadget via ndtvgadget,twitter connects india need flood hit kashmir ndtv gadget via ndtvgadgets,None,None,None,0
4,4-11-2014,13:20:34,None,appar mer viru latest soon epidem tip go middl east would go begin,apparently mers virus latest soon epidemic tip go middle east would go begin,None,None,None,0
6,4-11-2014,13:25:46,None,pakistan author prepar explos battleÃ£ Ã¢ flood,pakistan authority prepare explosives battleÃ£ Ã¢ flood,None,None,None,0
1,4-11-2014,13:28:54,None,typhoon hagupit trigger massiv evacu philippin manila half million peopl phi,typhoon hagupit trigger massive evacuation philippine manila half million people phi,None,None,None,0
2,4-11-2014,13:52:41,None,kashmir flood offici provid satellit phone commun set ensur state admini,kashmir flood official provide satellite phone communication set ensure state adminis,None,None,None,0
2,4-11-2014,14:7:46,None,hagupit garin move transfer pregnant evacue hospit,hagupit garin move transfer pregnant evacuee hospital,None,None,None,0
3,4-11-2014,15:6:23,None,flood ukflood kashmir fame carpet ruin bn flood loss yahoo news uk yahoo news ukkashmir,flood ukfloods kashmir famed carpet ruin bn flood loss yahoo news uk yahoo news ukkashmir,None,None,None,0
5,4-11-2014,15:38:51,None,typhoon hagupit evacu step,typhoon hagupit evacuation step,None,None,None,0
8,4-11-2014,15:44:38,None,germani least dead flood rescu boat capsiz pakistan least dead flood rescu b itali,germany least dead flood rescue boat capsize pakistan least dead flood rescue b italy,None,None,None,0
1,4-11-2014,16:46:33,None,googl person finder typhoonhagupit search report statu peopl affect area,google person finder typhoonhagupit search report status people affect area,None,None,None,0
4,4-11-2014,18:56:50,None,annemain stalban typhoon hagupit make landfal thrash philippin settl Ã»_ mp polit lnn,annemain stalbans typhoon hagupit make landfall thrash philippine settle Ã»_ mp politics lnn,None,None,None,0
3,4-11-2014,19:46:14,None,scari time friend mer middl east respiratori syndrom took live must need care friend,scary time friends mers middle east respiratory syndrome take life must need careful friend,None,None,None,0
2,4-11-2014,20:20:6,None,typhoon hagupit begin agonizingli slow trek across philippin deadli flood like market media,typhoon hagupit begin agonizingly slow trek across philippine deadly flood likely marketing medium,None,None,None,0
8,4-11-2014,20:26:6,None,surf sever tropic cyclon pam updat surflin,surf severe tropical cyclone pam update surfline,None,None,None,0
,4-11-2014,21:10:2,None,rt afp trap resid huddl rooftop kashmir flood disast,rt afp trap resident huddle rooftop kashmir flood disaster,None,None,None,0
0,4-11-2014,22:24:41,None,rt ss_geographi million peopl live indian kashmir endur terribl flood helicopt rescu peopl amp deliv aid Ã¢ Ã¢,rt ss_geography million people live indian kashmir endure terrible flood helicopter rescue people amp deliver aid Ã¢ Ã¢,None,None,None,0
1,4-11-2014,22:49:9,None,flood landslid caus chao kashmir independ onlin independ onlineflood landslid caus cha,flood landslide cause chaos kashmir independent online independent onlinefloods landslide cause cha,None,None,None,0
0,4-11-2014,23:58:5,None,rt suraj_dhariya itÃ£ Ã¢ Ã¢ neither allah pakistan whoÃ£ Ã¢ Ã¢ help kashmirflood,rt suraj_dhariya itÃ£ Ã¢ Ã¢ neither allah pakistan whoÃ£ Ã¢ Ã¢ help kashmirflood,None,None,None,0
1,4-12-2014,0:45:14,None,jump mer case kingdom month,jump mers case kingdom month,None,None,None,0
8,4-12-2014,1:49:7,None,one biggest calam india murdrer guardian nation play hate card kashmirflood,one biggest calamity india murdrers guardian nation play hate card kashmirflood,None,None,None,0
7,4-12-2014,2:33:53,None,armi evacu peopl affect flood jammu kashmir armi evacu nearli peopl,army evacuate people affect flood jammu kashmir army evacuate nearly people,None,None,None,0
,4-12-2014,3:13:15,None,typhoon hagupit head menacingli toward philippin,typhoon hagupit head menacingly toward philippine,None,None,None,0
7,4-12-2014,3:44:27,None,rt dna flood jammu kashmir worst year rajnath singh,rt dna flood jammu kashmir worst year rajnath singh,None,None,None,0
5,4-12-2014,3:44:59,None,worst thing time panic caus mer spread fals info rumor health tip kind,worst thing time panic cause mers spread false info rumor health tip kind,None,None,None,0
,4-12-2014,5:22:15,None,kashmir flood tit tat gestur pakistan offer help india prime minist india pakist,kashmir flood tit tat gesture pakistan offer help india prime minister india pakist,None,None,None,0
,4-12-2014,5:23:45,None,rubyph mariz gma report teari eye still trembl want comfort gone last night,rubyph mariz gma reporting teary eye still tremble want comfort go last night,None,None,None,0
4,4-12-2014,5:40:11,None,scientist head saudi arabia help mer outbreak,scientist head saudi arabia help mers outbreak,None,None,None,0
2,4-12-2014,5:50:4,None,hope hagupit sling hook devast,hop hagupit sling hook devastation,None,None,None,0
,4-12-2014,5:50:32,None,solomonisland anutu island popul phone amp radio tcpam hmrd,solomonislands anutu island population phone amp radio tcpam hmrd,None,None,None,0
,4-12-2014,6:47:50,None,cyclon pam plough pacif,cyclone pam plough pacific,None,None,None,0
2,4-12-2014,7:5:0,None,pray u typhoon commin around philippin,pray us typhoon commin around philippine,None,None,None,0
2,4-12-2014,7:13:29,None,latim midl east hurrican odil lash baja california strong wind heavi rain,latimes midl east hurricane odile lash baja california strong wind heavy rain,None,None,None,0
,4-12-2014,8:38:14,None,rt dead jammu amp kashmir flood thousand still strand need help donat kashmirflood,rt dead jammu amp kashmir flood thousand still strand need help donate kashmirfloods,None,None,None,0
7,4-12-2014,9:8:47,None,help victim cyclonepam hit south pacif kiribati solomon island vanuatu,help victimes cyclonepam hit south pacific kiribati solomon islands vanuatu,None,None,None,0
,4-12-2014,9:37:40,None,wait hear hurrican odil damag report buena vista bc mexico hope everybodi ok,wait hear hurricane odile damage report buena vista bcs mexico hope everybody ok,None,None,None,0
3,4-12-2014,10:5:38,None,video greg postel weather channel discuss typhoonÃ¥Ãªhagupit storm Ã»Âª impact,video greg postel weather channel discuss typhoonÃ¥Ãªhagupit storm Ã»Âªs impact,None,None,None,0
3,4-12-2014,10:31:41,None,mh prayformh via camera,mh prayformh via camera,None,None,None,0
1,4-12-2014,10:49:29,None,rt jasmeenmanzoor go nawaz go slogan rais azadi kashmir pm address flood effect peopl,rt jasmeenmanzoor go nawaz go slogan raise azadi kashmir pm address flood effect people,None,None,None,0
9,4-12-2014,11:31:57,None,rt benjaminchav hurrican odil hit mexico wind hit mph hope garyaknichol ok,rt benjaminchave hurricane odile hit mexico wind hit mph hope garyaknichols ok,None,None,None,0
9,4-12-2014,11:54:2,None,hindu hardlin storm indian univers kashmir flood appeal pakistan news,hindu hardliner storm indian university kashmir flood appeal pakistan news,None,None,None,0
0,4-12-2014,12:52:38,None,may allah protect safeti pilot co pilot cabin crew passeng prayformh,may allah protect safety pilot co pilot cabin crew passenge prayformh,None,None,None,0
,4-12-2014,13:15:48,None,thousand resid evacu shelter set mph highli danger hurrican odil batter baja,thousand resident evacuate shelter set mph highly dangerous hurricane odile batter baja,None,None,None,0
2,4-12-2014,13:24:3,None,mt razarumi thought amp prayer kashmiri hang tree stop swept away flood srinagar ap,mt razarumi thought amp prayer kashmiris hang tree stop sweep away flood srinagar ap,None,None,None,0
9,4-12-2014,14:37:5,None,raw video hurrican odil make landfal mexico,raw video hurricane odile make landfall mexico,None,None,None,0
3,4-12-2014,14:51:9,None,hagupit cop climat oilsand bclng see connect cdnpoli bcpoli,hagupit cop climate oilsands bclng see connection cdnpoli bcpoli,None,None,None,0
6,4-12-2014,16:7:2,None,worri mer viru,worried mers virus,None,None,None,0
2,4-12-2014,16:26:35,None,thing around bungalow ratuaprivateisland vanuatu vine tain,thing around bungalow ratuaprivateisland vanuatu vine tain,None,None,None,0
0,4-12-2014,16:27:10,None,rt martincallan kashmir citi hit huge flood much main citi indian administ kashmir srinagar water Ã¢ Ã¢,rt martincallan kashmir city hit huge flood much main city indian administer kashmir srinagar water Ã¢ Ã¢,None,None,None,0
3,4-12-2014,17:47:59,None,kashmirÃ£ Ã¢ Ã¢ flood leav wateri doomsday everyon srinagar seem agre tragedi compound th,kashmirÃ£ Ã¢ Ã¢ flood leave watery doomsday everyone srinagar seem agree tragedy compound th,None,None,None,0
0,4-12-2014,17:58:6,None,anc watch day emerg kit essenti rubyph,anc watch day emergency kit essential rubyph,None,None,None,0
4,4-12-2014,18:27:1,None,typhoon hagupit rubi make landfal philippin danger continu forecast,typhoon hagupit ruby make landfall philippine danger continue forecast,None,None,None,0
6,4-12-2014,19:14:2,None,first modi govt slept flood alert fail evacu even peopl day hopeless modi busi take credit kashmirflood,first modi govt sleep flood alert fail evacuate even people days hopeless modi busy take credit kashmirfloods,None,None,None,0
3,4-12-2014,19:51:54,None,losdelsonido india pakistan flood death toll reach death toll flood india pakistan reach ivanberroa,losdelsonido india pakistan flood death toll reach death toll flood india pakistan reach ivanberroa,None,None,None,0
8,4-12-2014,21:42:27,None,devast situat kashmir post flood rescu local govt public volunt action,devastate situation kashmir post flood rescue local govt public volunteer action,None,None,None,0
8,4-12-2014,22:38:5,None,pictur th day kkf flood relief camp lahor victim rain amp flood punjab mqm pakistan,picture th day kkf flood relief camp lahore victim rain amp flood punjab mqm pakistan,None,None,None,0
,4-12-2014,23:9:29,None,think vanuatu,think vanuatu,None,None,None,0
1,4-12-2014,23:11:38,None,hagupit wind smash philippin,hagupit wind smash philippine,None,None,None,0
,4-13-2014,0:15:56,None,rt weatherchannel center hurrican odil la paz mx latest satellit imag,rt weatherchannel center hurricane odile la paz mx latest satellite image,None,None,None,0
,4-13-2014,1:11:13,None,canada readi help philippin typhoon aftermath need headlinesapp,canada ready help philippine typhoon aftermath need headlinesapp,None,None,None,0
0,4-13-2014,1:24:4,None,hagupit come calauag,hagupit come calauag,None,None,None,0
7,4-13-2014,1:28:36,None,rt ptioffici pmln govt respons drown peopl flood punjab say ejazchaudhari,rt ptiofficial pmln govt responsible drown people flood punjab say ejazchaudhary,None,None,None,0
0,4-13-2014,2:1:41,None,health saudi arabia deni injur number student univers princess nora corona viru saudi news qatif ksa,health saudi arabia deny injure number student university princess nora corona virus saudi news qatif ksa,None,None,None,0
5,4-13-2014,2:25:10,None,Ã»Ã¯ dkojastro heard mer corona viru iloilo better doubl vit c intak Ã» ye,Ã»Ã¯ dkojastro heard mers corona virus iloilo well double vit c intake Ã» yes,None,None,None,0
,4-13-2014,2:32:48,None,chenab hostal gate flood nit srinagar kashmirflood rd,chenab hostal gate flood nit srinagar kashmirfloods rd,None,None,None,0
0,4-13-2014,2:36:52,None,mh boston mayor marti walsh particip south boston st patrick day,mh boston mayor marty walsh participate south boston st patrick day,None,None,None,0
0,4-13-2014,3:32:12,None,thousand flee hagupit hit philippin,thousand flee hagupit hit philippine,None,None,None,0
5,4-13-2014,3:34:5,None,video australia nz fli aid vanuatu pr,video australia nz fly aid vanuatu pr,None,None,None,0
1,4-13-2014,3:42:6,None,rt ptimedia punjab govern refus accept aid money rs crore given kp govt flood relief,rt ptimedia punjab government refuse accept aid money rs crore give kp govt flood relief,None,None,None,0
6,4-13-2014,3:57:40,None,rt shahid_siddiqui armi rest till everi person rescu kashmir say chief read stori,rt shahid_siddiqui army rest till every person rescue kashmir say chief read story,None,None,None,0
7,4-13-2014,4:0:33,None,rubyph still caus strong wind ormoc mean next cebu,rubyph still cause strong wind ormoc mean next cebu,None,None,None,0
,4-13-2014,4:0:40,None,usaheadlin pakistan india flood death toll pass,usaheadlines pakistan india flood death toll pass,None,None,None,0
9,4-13-2014,4:26:20,None,worst tacloban say mayor romualdez safe staff begin assess typhoonhagupit,worst tacloban say mayor romualdez safe staff begin assessment typhoonhagupit,None,None,None,0
0,4-13-2014,5:36:47,None,cyclon olwyn weaken destruct wind still hit coastal wa perthnew,cyclone olwyn weaken destructive wind still hit coastal wa perthnews,None,None,None,0
2,4-13-2014,5:56:46,None,rt adgpi despit fight furi flood kashmir indian armi carri oper laribag kupwara elimin one let terroriÃ£ Ã¢ Ã¢,rt adgpi despite fight fury flood kashmir indian army carry operation laribag kupwara eliminate one let terroriÃ£ Ã¢ Ã¢,None,None,None,0
5,4-13-2014,6:3:17,None,rt alicebel imag kashmir flood,rt alicebell image kashmir flood,None,None,None,0
,4-13-2014,7:2:53,None,dig kind heart help peopl affect super typhoon hagupit share bless,dig kind heart help people affect super typhoon hagupit share blessing,None,None,None,0
1,4-13-2014,7:32:58,None,strand etv report save live jammu kashmir flood,strand etv reporter save life jammu kashmir flood,None,None,None,0
5,4-13-2014,8:34:25,None,tt philippin rubyph btswelcometothephilippin hagupit battlesph kbdtqalbumlaunchonasap d world ustet,tt philippine rubyph btswelcometothephilippines hagupit battlesph kbdtqalbumlaunchonasap d world ustet,None,None,None,0
3,4-13-2014,9:26:58,None,rt ptioffici pti punjab issu white paper flood punjab,rt ptiofficial pti punjab issue white paper flood punjab,None,None,None,0
9,4-13-2014,10:46:21,None,romblon Ã»Ã³ strong wind along sea shore odiongan romblon am rubyph via akosijays,romblon Ã»Ã³ strong wind along sea shore odiongan romblon am rubyph via akosijaysent,None,None,None,0
,4-13-2014,11:14:4,None,india offer help flood victim pakistan control kashmir,india offering help flood victim pakistan control kashmir,None,None,None,0
6,4-13-2014,11:37:47,None,railway station north kashmir made function devast flood indian railway coordinatio,railway station north kashmir make functional devastation flood indian railway coordinatio,None,None,None,0
4,4-13-2014,12:1:26,None,like lameclon amirit __c gerostorm cyclon olwyn,like lameclone amirite __c gerostorm cyclone olwyn,None,None,None,0
0,4-13-2014,12:10:18,None,algerian man fifti die mer viru first fatal countri health,algerian man fifty die mers virus first fatality country health,None,None,None,0
5,4-13-2014,12:37:47,None,rt Ã°Ã¼ million evacu typhoon hagupit engulf philippin photo russia today,rt Ã°Ã¼ million evacuated typhoon hagupit engulfs philippine photo russia today,None,None,None,0
,4-13-2014,12:48:3,None,major hurrican odil strike mexico baja california businessweek news,major hurricane odile strike mexico baja california businessweek news,None,None,None,0
8,4-13-2014,13:17:48,None,sunday morn prayforthephilippin,sunday morning prayforthephilippines,None,None,None,0
1,4-13-2014,13:56:45,None,flee typhoon near philippin news,flee typhoon nears philippines news,None,None,None,0
6,4-13-2014,14:6:48,None,neighbor hous didnt surviv last night hagupit smash tacloban casualti report far,neighbor house didnt survive last night hagupit smash tacloban casualty report far,None,None,None,0
7,4-13-2014,15:13:13,None,one strongest south pacif storm year made direct hit vanuatu capit port vila rais fear mass devast,one strongest south pacific storm year make direct hit vanuatu capital port vila raise fear mass devastation,None,None,None,0
5,4-13-2014,17:37:55,None,rt faizaoulahsen highprivetag climat chang thousand ontherun typhoonhagupit philippin,rt faizaoulahsen highprivetag climate change thousand ontherun typhoonhagupit philippine,None,None,None,0
1,4-13-2014,18:42:43,None,rat news onlin alert pakistan flood river peak region citi multan th rat pet anim,rat news online alert pakistan flood river peak region city multan th rat pet animal,None,None,None,0
4,4-13-2014,22:34:12,None,sarkarinaukri tet exam postpon flood hit kashmir jagranjosh job,sarkarinaukri tet exam postpone flood hit kashmir jagranjosh job,None,None,None,0
3,4-13-2014,22:47:27,None,lesson learnt flood hit pakistan goodgovern cpdi_pakistan sdpipakistan undp_pakistan dfid_uk,lesson learn flood hit pakistan goodgovernance cpdi_pakistan sdpipakistan undp_pakistan dfid_uk,None,None,None,0
,4-13-2014,23:24:37,None,sar like mer viru spread new countri,sars like mers virus spread new country,None,None,None,0
7,4-14-2014,0:6:4,None,rt leopard flood water rais entir new stink stench come pakistan,rt leopard flood water raise entire new stink stench come pakistan,None,None,None,0
,4-14-2014,0:27:3,None,jammu kashmir flood govern omar abdullah tell ndtv,jammu kashmir flood government omar abdullah tell ndtv,None,None,None,0
6,4-14-2014,0:40:57,None,four lakh strand flood hit jammu kashmir even water level reced,four lakh strand flood hit jammu kashmir even water level recede,None,None,None,0
8,4-14-2014,0:48:51,None,half million peopl left home power typhoon hagupit near philippin,half million people left home powerful typhoon hagupit nears philippine,None,None,None,0
9,4-14-2014,0:56:46,None,sever weather bulletin number thirteen tropic cyclon warn typhoon rubi hagupit issu,severe weather bulletin number thirteen tropical cyclone warn typhoon ruby hagupit issue,None,None,None,0
2,4-14-2014,1:35:33,None,local head cave pam bear australia,local head cave pam bear australia,None,None,None,0
1,4-14-2014,1:52:53,None,rt ndtv j amp ok flood offic staff prime minist offic contribut day salari peopl state kashmirflood,rt ndtv j amp ok flood officer staff prime minister office contribute day salary people state kashmirfloods,None,None,None,0
9,4-14-2014,2:14:27,None,bbgjeddah use info mer corona viru,bbgjeddah useful info mers corona virus,None,None,None,0
5,4-14-2014,2:35:4,None,big salut indian armi hard work save flood affect peopl jammu kashmir,big salute indian army hard work save flood affected people jammu kashmir,None,None,None,0
0,4-14-2014,3:53:0,None,mer new sar better understand allay public panic thenationalua m_underwood,mers new sars well understanding allay public panic thenationaluae m_underwood,None,None,None,0
7,4-14-2014,4:0:32,None,j amp ok ground report flood leav behind damag devast floodwat reced jammu kashmir srinag,j amp ok ground report flood leave behind damage devastation floodwaters recede jammu kashmir srinag,None,None,None,0
4,4-14-2014,8:21:33,None,philippin govern use truck provid islam relief evacu famili hagupit islamicreliefuk,philippine government use truck provide islamic relief evacuate family hagupit islamicreliefuk,None,None,None,0
5,4-14-2014,9:13:26,None,kashmir flood rescu effort intensifi lakh still wait help,kashmir flood rescue effort intensify lakh still wait help,None,None,None,0
5,4-14-2014,9:27:17,None,new post famili head shelter,new post family head shelter,None,None,None,0
4,4-14-2014,9:59:26,None,rt etribun news flood report culprit promot rather punish pakistan,rt etribune news flood report culprit promote rather punished pakistan,None,None,None,0
1,4-14-2014,11:33:25,None,may life preserv peopl risk cyclon pam bear vanuatu yahoonew weather,may life preserve people risk cyclone pam bear vanuatu yahoonews weather,None,None,None,0
5,4-14-2014,11:37:49,None,rt farahkhanali prayer one stuck flood kashmir,rt farahkhanali prayer one stuck flood kashmir,None,None,None,0
0,4-14-2014,12:20:42,None,cyclonepam inflict damag vanuatu surround area stand readi provid assist,cyclonepam inflicts damage vanuatu surround area stand ready provide assistance,None,None,None,0
,4-14-2014,12:44:35,None,farahl realli suffer hella flood recent cunt india area kashmir effect tho,farahl really suffer hella flood recently cunt india area kashmir effect tho,None,None,None,0
1,4-14-2014,14:18:23,None,mindoro brace typhoon rubi juancho mahusay calapan citi philippin Ã»Ã³ local govern unit,mindoro brace typhoon ruby juancho mahusay calapan city philippine Ã»Ã³ local government unit,None,None,None,0
3,4-14-2014,15:14:4,None,Ã»Ã¯ wawam joint typhoon warn centr warn rubyph forecast exit farther south metro manila stay safe,Ã»Ã¯ wawam joint typhoon warn centre warn rubyph forecast exit far south metro manila stay safe,None,None,None,0
9,4-14-2014,15:26:15,None,typhoon hagupit evacu step get closer,typhoon hagupit evacuation step get closer,None,None,None,0
0,4-14-2014,18:22:54,None,rt akhtera kashmirflood flood continu cut new residenti area situat grim,rt akhtera kashmirfloods flood continue cut new residential area situation grim,None,None,None,0
,4-14-2014,19:9:31,None,washington post usa flood india pakistan kill nearli,washington post usa flood india pakistan kill nearly,None,None,None,0
8,4-14-2014,21:32:57,None,rt razarumi prepar amp earli warn mt faizanlakhani aerial view flood hit area multan pakistanflood Ã¢ Ã¢,rt razarumi preparation amp early warning mt faizanlakhani aerial view flood hit area multan pakistanfloods Ã¢ Ã¢,None,None,None,0
0,4-14-2014,22:53:13,None,calm storm keepsaf guy rubyph,calm storm keepsafe guy rubyph,None,None,None,0
7,4-14-2014,23:44:23,None,break typhoon hagupit make landfal philippin million flee nbcne khaatumo khatumo,break typhoon hagupit make landfall philippine million flee nbcne khaatumo khatumo,None,None,None,0
0,4-14-2014,23:48:21,None,rt alisalmanalvi punjab govt refus take aid kpk govt flood affecte well done pmln would help strengthen Ã£ Ã¢ Ã¢,rt alisalmanalvi punjab govt refuse take aid kpk govt flood affectees well do pmln would help strengthen Ã£ Ã¢ Ã¢,None,None,None,0
,4-15-2014,0:10:51,None,new case respiratori syndrom detect saudi total number reach death,new case respiratory syndrome detect saudi total number reach death,None,None,None,0
4,4-15-2014,0:31:28,None,bbc news india pakistan battl rescu flood maroon,bbc news india pakistan battle rescue flood maroon,None,None,None,0
1,4-15-2014,1:7:19,None,nadin cold need warm huuug _ hellobangsi rubyph,nadine cold need warm huuug _ hellobangsie rubyph,None,None,None,0
7,4-15-2014,1:22:22,None,rt mohituraina one deserv situat none prayer kashmir flood victim,rt mohituraina one deserve situation none prayer kashmir flood victim,None,None,None,0
,4-15-2014,3:12:1,None,philippin typhoon spark call climat action love one brace full impact Ã»_,philippine typhoon spark call climate action love one brace full impact Ã»_,None,None,None,0
0,4-15-2014,3:36:32,None,shit scare brother live remot ish coastal area vanuatu get sleep realli need wake good news,shit scar brother life remote ish coastal area vanuatu get sleep really need wake good news,None,None,None,0
8,4-15-2014,3:44:48,None,rt doctoratlarg indian armi help kashmiri trap flood hurriyat leader abscond prove religion depÃ£ Ã¢ Ã¢,rt doctoratlarge indian army help kashmiris trap flood hurriyat leader abscond prove religion depÃ£ Ã¢ Ã¢,None,None,None,0
4,4-15-2014,3:51:32,None,rt shashitharoor onam morn spare thought peopl jammu amp kashmir reel devast flood amp brave indian armyÃ£ Ã¢ Ã¢,rt shashitharoor onam morning spare think people jammu amp kashmir reel devastate flood amp brave indian armyÃ£ Ã¢ Ã¢,None,None,None,0
3,4-15-2014,4:3:57,None,jammu amp kashmir flood road damag jammu alon road small brid,jammu amp kashmir flood road damage jammu alone road small brid,None,None,None,0
4,4-15-2014,4:8:50,None,devast flood j amp ok air india declar free travel trap tourist new delhi kashmir valley r,devastate flood j amp ok air india declares free travel trap tourist new delhi kashmir valley r,None,None,None,0
9,4-15-2014,4:13:53,None,malaysia airlin flight crash analysi physicist flight,malaysia airline flight crash analysis physicist flight,None,None,None,0
1,4-15-2014,4:41:29,None,latest_new nearli filipino flee fear typhoon hagupit Ã»Âª menac advanc typhoon hag world_new,latest_news nearly filipino flee fear typhoon hagupit Ã»Âªs menace advance typhoon hag world_news,None,None,None,0
7,4-15-2014,5:47:50,None,thousand flee hagupit nearsÃ¥Ãªphilippin,thousand flee hagupit nearsÃ¥Ãªphilippines,None,None,None,0
8,4-15-2014,6:34:54,None,kashmirflood almighti allah forgiv us bow forgiv us get wors due turn flood channel driang system,kashmirfloods almighty allah forgive u bow forgive u get worse due turn flood channel driange system,None,None,None,0
,4-15-2014,7:56:54,None,kashmir flood relief oper major challeng,kashmir flood relief operation major challenge,None,None,None,0
9,4-15-2014,8:5:29,None,concern case middl east respiratori syndrom coronaviru mer cov middl east,concerned case middle east respiratory syndrome coronavirus mers cov middle east,None,None,None,0
4,4-15-2014,9:16:45,None,philippin thousand flee typhoon hagupi near hindustan time mdwine,philippine thousand flee typhoon hagupi near hindustan time mdwine,None,None,None,0
4,4-15-2014,10:16:27,None,major evacu philippin brace typhoon hagupit half million peopl seek safeti ty,major evacuation philippine brace typhoon hagupit half million people seek safety ty,None,None,None,0
1,4-15-2014,10:27:15,None,spooki di mh,spooky dis mh,None,None,None,0
3,4-15-2014,11:11:41,None,typhoon hagupit cnn pray philippin,typhoon hagupit cnn pray philippine,None,None,None,0
5,4-15-2014,11:17:26,None,offici updat typhoonrubi typhoonhagupit,official update typhoonruby typhoonhagupit,None,None,None,0
8,4-15-2014,11:18:57,None,j ok flood un system stand readi help india pakistan un system stand readi help govern,j ok flood un system stand ready help india pakistan un system stand ready help government,None,None,None,0
,4-15-2014,12:35:41,None,rt weatherchannel am mdt feroci wind report cabo southern eyewal odil detail htt Ã»_,rt weatherchannel am mdt ferocious wind report cabo southern eyewall odile detail htt Ã»_,None,None,None,0
7,4-15-2014,13:29:50,None,rt ash_dubey r freedom fighter extrem keen lay live kashmiri peopl oh wait flood india Ã£ Ã¢ Ã¢,rt ash_dubey r freedom fighter extremely keen lay live kashmiri people oh wait flood india Ã£ Ã¢ Ã¢,None,None,None,0
2,4-15-2014,14:25:4,None,man two day ago gf nail track cyclon pam pass efat within mile impress,man two day ago gfs nailed track cyclone pam pass efate within mile impressive,None,None,None,0
,4-15-2014,14:30:25,None,agenc investig report dozen death vanuatu cyclonepam,agency investigate report dozen death vanuatu cyclonepam,None,None,None,0
,4-15-2014,14:42:6,None,richmondfirst horribl name hagupit permiss hurt peopl,richmondfirst horrible name hagupit permission hurt people,None,None,None,0
9,4-15-2014,16:39:1,None,rt pawandurani pray jammu also case know flood rt iamsrk hope pray flood situat kashmir get controlledÃ£ Ã¢ Ã¢,rt pawandurani pray jammu also case know flood rt iamsrk hope pray flood situation kashmir get controlledÃ£ Ã¢ Ã¢,None,None,None,0
1,4-15-2014,17:17:9,None,typhoon hagupit make landfal thrash philippin settl day new york time brave mlb,typhoon hagupit make landfall thrash philippine settle day new york time brave mlb,None,None,None,0
0,4-15-2014,17:23:57,None,rt bbcnewsasia pakistan multan citi surround punjab area high flood alert,rt bbcnewsasia pakistan multan city surround punjab area high flood alert,None,None,None,0
2,4-15-2014,17:51:23,None,rt india_polici taxpay money like aap rt firstpostin kashmir flood delhi bjp mla donat one monthÃ£ Ã¢ Ã¢ salari relief fuÃ£ Ã¢ Ã¢,rt india_policy taxpayer money like aap rt firstpostin kashmir flood delhi bjp mlas donate one monthÃ£ Ã¢ Ã¢ salary relief fuÃ£ Ã¢ Ã¢,None,None,None,0
6,4-15-2014,18:52:24,None,hagupit rubyph start reach land help us prepar relief effort,hagupit rubyph start reach land help u prepare relief effort,None,None,None,0
7,4-15-2014,18:53:58,None,rt dharam_vj rss bjp worker offer heal touch flood hit kashmir,rt dharam_vj r bjp worker offer heal touch flood hit kashmir,None,None,None,0
9,4-15-2014,19:7:36,None,gmanew marizumali extra ingat take care mariz sau gma crew rubyph hagupit,gmanews marizumali extra ingat take care mariz sau gma crew rubyph hagupit,None,None,None,0
4,4-15-2014,21:15:4,None,omar abdullah order doubl ration flood hit state jammu kashmir chief minist omar abdullah,omar abdullah order double ration flood hit state jammu kashmir chief minister omar abdullah,None,None,None,0
8,4-15-2014,21:23:42,None,ramindersay sad due flood kashmir hope heaven ok soon,ramindersays sad due flood kashmir hope heaven ok soon,None,None,None,0
6,4-15-2014,21:37:12,None,pakistani dead flood respons certainli sharif law azadimarchpti,pakistani dead flood responsible certainly sharifs law azadimarchpti,None,None,None,0
1,4-15-2014,21:55:14,None,tt philippin rubyph btswelcometothephilippin hagupit battlesph trbinmanila darren soloalbum launch picc,tt philippine rubyph btswelcometothephilippines hagupit battlesph trbinmanila darren soloalbum launch picc,None,None,None,0
1,4-16-2014,0:36:2,None,shit scare brother live remot ish coastal area vanuatu get sleep realli need wake good news,shit scar brother life remote ish coastal area vanuatu get sleep really need wake good news,None,None,None,0
0,4-16-2014,2:17:33,None,ongo pakistan flood real time inform commun remain slow incomplet less ac via weebli,ongoing pakistan flood real time information communication remain slow incomplete le ac via weebly,None,None,None,0
6,4-16-2014,2:31:46,None,Ã»Ã¯ the_onlyrex small scale storm surg borongan citi e samar rubyph,Ã»Ã¯ the_onlyrex small scale storm surge borongan city e samar rubyph,None,None,None,0
1,4-16-2014,2:56:55,None,nadeemmalik consequ action resourc southern punjab loot spent upper punjab face flood,nadeemmalik consequence action resource southern punjab loot spent upper punjab face flood,None,None,None,0
1,4-16-2014,3:1:51,None,prepar rubyph atm mtvstar ariana grand mtvhottest ariana grand,prepare rubyph atm mtvstars ariana grande mtvhottest ariana grande,None,None,None,0
7,4-16-2014,3:24:53,None,eight peopl kill boat capsiz multan flood pakistantoday,eight people kill boat capsize multan flood pakistantoday,None,None,None,0
0,4-16-2014,4:52:39,None,salam asar prayformh,salam asar prayformh,None,None,None,0
2,4-16-2014,5:14:44,None,news topnew mass evacu typhoon blow near eastern philippin rt alltopnewstoday,news topnews mass evacuation typhoon blow near eastern philippine rt alltopnewstoday,None,None,None,0
4,4-16-2014,5:14:45,None,typhoon tear home disast weari philippin,typhoon tear home disaster weary philippine,None,None,None,0
6,4-16-2014,6:22:49,None,care get involv fluent languag philippin help recent typhoon recoveri,care get involve fluent language philippine help recent typhoon recovery,None,None,None,0
3,4-16-2014,7:29:49,None,ancalert tacloban aftermath rubyph left trail destruct via ranulfodocdocan,ancalerts tacloban aftermath rubyph leave trail destruction via ranulfodocdocan,None,None,None,0
1,4-16-2014,8:58:18,None,sad peopl like homeless everi school destroy evacu centr full health facil damag vanuatu pray,sad people likely homeless every school destroy evacuation centre full health facility damage vanuatu pray,None,None,None,0
,4-16-2014,10:39:28,None,us cyclon use crash user clinton,u cyclone use crash user clinton,None,None,None,0
1,4-16-2014,11:51:44,None,pleas make dua peopl suffer flood kashmirflood tri help peopl way possibl,please make dua people suffer flood kashmirfloods try help people way possible,None,None,None,0
8,4-16-2014,14:42:6,None,rt chopsyturvey british mp discuss human right kashmir worri save scotland see armi kashmir flood neithÃ£ Ã¢ Ã¢,rt chopsyturvey british mp discuss human right kashmir worry save scotland see army kashmir flood neithÃ£ Ã¢ Ã¢,None,None,None,0
8,4-16-2014,16:41:52,None,malayali strand flood hit kashmir,malayalis strand flood hit kashmir,None,None,None,0
0,4-16-2014,16:42:9,None,rt _faysal tragic time let forget azad kashmir pakistan also reel flood may allah protect us,rt _faysal tragic time let forget azad kashmir pakistan also reel flood may allah protect u,None,None,None,0
4,4-16-2014,17:8:30,None,friend british columbia hurrican odil shatter window down power line mexico baja califo,friend british columbia hurricane odile shatters window down power line mexico baja califo,None,None,None,0
,4-16-2014,17:11:36,None,rt jasmeenmanzoor go nawaz go slogan rais azadi kashmir pm address flood effect peopl,rt jasmeenmanzoor go nawaz go slogan raise azadi kashmir pm address flood effect people,None,None,None,0
,4-16-2014,18:54:35,None,updat rubyph,update rubyph,None,None,None,0
2,4-16-2014,18:57:23,None,hurrican odil move north southern baja peninsula follow landfal weath break news,hurricane odile move north southern baja peninsula follow landfall weath break news,None,None,None,0
4,4-16-2014,19:10:7,None,rt faizanlakhani pictur explain flood situat wazirabad pakistanflood pakistan,rt faizanlakhani picture explain flood situation wazirabad pakistanfloods pakistan,None,None,None,0
5,4-16-2014,19:32:44,None,jammu amp kashmir flood centr send doctor prevent outbreak diseas centr assur med,jammu amp kashmir flood centre send doctor prevent outbreak disease centre assure med,None,None,None,0
5,4-16-2014,20:1:48,None,typhoon hagupit barrel toward philippin,typhoon hagupit barrel toward philippine,None,None,None,0
8,4-16-2014,22:47:18,None,updat rubyph,update rubyph,None,None,None,0
5,4-16-2014,23:10:17,None,rt ahsan_jehangir Ã£ Ã¢ Ã¥ dawn_com flood victimÃ£ Ã¢ Ã¢ famili turn compens pakistanfloÃ£ Ã¢ Ã¢,rt ahsan_jehangir Ã£ Ã¢ Ã¥ dawn_com flood victimÃ£ Ã¢ Ã¢ family turn compensation pakistanfloÃ£ Ã¢ Ã¢,None,None,None,0
,4-16-2014,23:50:16,None,spike middl east respiratori syndrom mer case cii director ian lipkin weigh,spike middle east respiratory syndrome mers case cii director ian lipkin weighs,None,None,None,0
6,4-17-2014,0:22:1,None,jon think realli done someth right get reaction pam geller,jon think really do something right get reaction pam geller,None,None,None,0
,4-17-2014,2:3:40,None,rt ddnewsbreak iaf helicopt action srinagar flood relief oper j amp ok kashmirflood,rt ddnewsbreaking iaf helicopter action srinagar flood relief operation j amp ok kashmirfloods,None,None,None,0
6,4-17-2014,2:9:39,None,rt javedmalik launch campaign rais awar extend support victim flood pakistan pakistanflood amp idÃ£ Ã¢ Ã¢,rt javedmalik launch campaign raise awareness extend support victim flood pakistan pakistanfloods amp idÃ£ Ã¢ Ã¢,None,None,None,0
6,4-17-2014,2:47:0,None,rt nadeemmalik million affect flood pakistan,rt nadeemmalik million affected flood pakistan,None,None,None,0
0,4-17-2014,9:12:14,None,amaz stuff vanuatu get hit hard staysaf portvilla,amaze stuff vanuatu get hit hard staysafe portvilla,None,None,None,0
9,4-17-2014,10:13:6,None,rt nitin_gadkari rush lakh litter water bottl flood affect peopl jammu amp kashmir advis prime minist naÃ£ Ã¢ Ã¢,rt nitin_gadkari rush lakh litter water bottle flood affected people jammu amp kashmir advise prime minister naÃ£ Ã¢ Ã¢,None,None,None,0
,4-17-2014,11:9:37,None,euronew hurrican odil lash western mexico coast link video,euronews hurricane odile lash western mexico coast link video,None,None,None,0
,4-17-2014,11:11:32,None,rt joykw hurricaneodil hotel riu santa fe complet flood,rt joykw hurricaneodile hotel riu santa fe completely flood,None,None,None,0
3,4-17-2014,12:49:51,None,philippin team safe current assess damag typhoonhagupit,philippine team safe currently assess damage typhoonhagupit,None,None,None,0
6,4-17-2014,13:33:56,None,wind horror rubyph,wind horror rubyph,None,None,None,0
,4-17-2014,14:33:39,None,rt rtimuzaffar experi kashmir flood use foam mattress save peopl arvindkejriw Ã¢ Ã¢,rt rtimuzaffar experience kashmir flood use foam mattress save people arvindkejriwal Ã¢ Ã¢,None,None,None,0
,4-17-2014,14:57:24,None,supertyphoonhagupit prayforthephilippin nobodi deserv kill mother natur,supertyphoonhagupit prayforthephilippines nobody deserve kill mother nature,None,None,None,0
0,4-17-2014,15:3:45,None,googl person finder typhoonhagupit search report statu peopl affect area,google person finder typhoonhagupit search report status people affect area,None,None,None,0
1,4-17-2014,15:47:8,None,indian ocean nois analyz possibl link mh,indian ocean noise analyze possible link mh,None,None,None,0
3,4-17-2014,16:39:24,None,saudi arabia report big jump mer case,saudi arabia report big jump mers case,None,None,None,0
2,4-17-2014,16:43:2,None,due recent flood disast punjab variou colleg amp univers chang admiss test amp interview schedul pleas visitconcern websit,due recent flood disaster punjab various college amp university change admission test amp interview schedule please visitconcern website,None,None,None,0
5,4-17-2014,18:55:31,None,cyclon pam come categori joy,cyclone pam come category joy,None,None,None,0
2,4-17-2014,20:3:28,None,southpacif vanuatu brace cyclonepam,southpacific vanuatu brace cyclonepam,None,None,None,0
0,4-17-2014,20:22:29,None,peopl still wait help flood ravag jammu kashmir flood water reced ok,people still wait help flood ravage jammu kashmir flood water recede ok,None,None,None,0
8,4-17-2014,20:45:43,None,rain lash disast weari philippin typhoon near changepenang rcisaba,rain lash disaster weary philippine typhoon nears changepenang rcisaba,None,None,None,0
,4-17-2014,21:41:33,None,local tourist ride hurrican odil baja via usatoday,local tourist ride hurricane odile baja via usatoday,None,None,None,0
2,4-17-2014,21:58:9,None,rapplerdotcom algerian man fifti die mer viru first fatal countri,rapplerdotcom algerian man fifty die mers virus first fatality country,None,None,None,0
5,4-17-2014,22:20:2,None,middl east respiratori syndrom coronaviru mer cov Ã»Ã² updat,middle east respiratory syndrome coronavirus mers cov Ã»Ã² update,None,None,None,0
3,4-17-2014,23:55:35,None,punjab flood almost villag drench jhang,punjab flood almost village drench jhang,None,None,None,0
,4-17-2014,23:57:8,None,Ã»Ã¯ astroterri approach dawn hagupit foreground speechless,Ã»Ã¯ astroterry approach dawn hagupit foreground speechless,None,None,None,0
